"","NA.","logFC","logCPM","PValue","symbol","name","entrez","GOID","term"
"1595","ENSMUSG00000109284",0.648312310770017,2.80088320345183,1.60154403244459e-05,"B230311B06Rik","RIKEN cDNA B230311B06 gene","381914","GO:0003674","molecular_function"
"1552","ENSMUSG00000102697",-0.585408643949136,4.44754693551286,0.00268967306698685,"Pcdhac2","protocadherin alpha subfamily C, 2","353237","GO:0003674","molecular_function"
"1545","ENSMUSG00000101174",-0.677685911907627,0.986398113001868,0.00248195196028867,"Hoxd4","homeobox D4","15436","GO:0000977","RNA polymerase II regulatory region sequence-specific DNA binding"
"1543","ENSMUSG00000100826",-1.22675912977937,4.72471728444196,2.64859777897183e-07,"Ipw","imprinted gene in the Prader-Willi syndrome region","16353","GO:0003674","molecular_function"
"1531","ENSMUSG00000097767",-1.00169613748177,5.89876583694234,8.29291429657757e-05,"Miat","myocardial infarction associated transcript (non-protein coding)","330166","GO:0005515","protein binding"
"1519","ENSMUSG00000097284",-0.544647821207972,1.15952486300325,0.00583596228107874,"4930480K23Rik","RIKEN cDNA 4930480K23 gene","75016","GO:0003674","molecular_function"
"1511","ENSMUSG00000096910",-0.637237456424234,2.14960590181302,0.00993389131601985,"Zfp955b","zinc finger protein 955B","100043468","GO:0003674","molecular_function"
"1508","ENSMUSG00000096054",-1.28887401504787,7.31597216377791,1.05301743843167e-13,"Syne1","spectrin repeat containing, nuclear envelope 1","64009","GO:0000932","P-body"
"1507","ENSMUSG00000095687",1.10248881344533,1.90026953841706,1.44729350615388e-07,"Rnaset2a","ribonuclease T2A","100037283","GO:0004540","ribonuclease activity"
"1504","ENSMUSG00000095098",0.550268062452248,6.17074748777896,3.05974547015904e-05,"Ccdc85b","coiled-coil domain containing 85B","240514","GO:0005515","protein binding"
"1494","ENSMUSG00000092083",-0.771621372550331,3.36476454243641,6.77498331442929e-07,"Kcnb2","potassium voltage gated channel, Shab-related subfamily, member 2","98741","GO:0005216","ion channel activity"
"1493","ENSMUSG00000092035",-0.935271565560052,6.01002031503404,8.41064464108364e-09,"Peg10","paternally expressed 10","170676","GO:0001890","placenta development"
"1490","ENSMUSG00000091722",-0.549805590823826,1.11074611260783,0.00680117392934286,"Siah3","seven in absentia homolog 3 (Drosophila)","380918","GO:0005739","mitochondrion"
"1489","ENSMUSG00000091712",-0.798565844493107,4.74550751576371,3.66289005187979e-05,"Sec14l5","SEC14-like lipid binding 5","665119","GO:0003674","molecular_function"
"1484","ENSMUSG00000090799",-0.73043372678715,2.33001047106932,6.80548096180429e-06,"Klhl33","kelch-like 33","546611","GO:0004842","ubiquitin-protein transferase activity"
"1479","ENSMUSG00000090546",-1.53655461903195,3.16559762343781,7.65000587280561e-14,"Cdr1","cerebellar degeneration related antigen 1","631990","GO:0003674","molecular_function"
"1478","ENSMUSG00000090290",-0.681385319444791,2.96641655937943,0.000820851006535293,"Tarbp1","TAR RNA binding protein 1","212728","GO:0000451","rRNA 2'-O-methylation"
"1476","ENSMUSG00000090112",-0.519826181373546,4.92474188910285,0.00308735837288789,"Shprh","SNF2 histone linker PHD RING helicase","268281","GO:0000166","nucleotide binding"
"1472","ENSMUSG00000090053",-1.41386370677441,1.59984833239758,1.8040724467535e-09,"Palm2","paralemmin 2","242481","GO:0003674","molecular_function"
"1466","ENSMUSG00000087620",-0.885267577842911,3.2048219254075,6.84442375080379e-06,"5330434G04Rik","RIKEN cDNA 5330434G04 gene","100043213","GO:0003674","molecular_function"
"1464","ENSMUSG00000087543",-0.825141909661331,1.1599341510937,1.47572408718326e-05,"Gm16576","predicted gene 16576","100504191","GO:0003674","molecular_function"
"1460","ENSMUSG00000087141",-0.566442424622048,6.8286895174131,8.02434337624444e-05,"Plcxd2","phosphatidylinositol-specific phospholipase C, X domain containing 2","433022","GO:0003674","molecular_function"
"1459","ENSMUSG00000087138",-0.58666516398485,0.954046870024024,0.0163248765121298,"Gm15545","predicted gene 15545","100502630","GO:0003674","molecular_function"
"1448","ENSMUSG00000086228",-1.07322464026711,2.89701338285178,1.11506707981744e-05,"Ubap1l","ubiquitin-associated protein 1-like","208080","GO:0000813","ESCRT I complex"
"1443","ENSMUSG00000085438",-0.642659893506253,9.04496950844182,8.88992479504282e-06,"1700020I14Rik","RIKEN cDNA 1700020I14 gene","66602","GO:0003674","molecular_function"
"1434","ENSMUSG00000084950",-0.687000222740177,0.611168318455936,0.0029073530027837,"Gm5577","predicted gene 5577","434064","GO:0003674","molecular_function"
"1401","ENSMUSG00000079260",-0.531335389254707,2.58747314244767,0.0184294018167438,"Tmppe","transmembrane protein with metallophosphoesterase domain","100504715","GO:0003674","molecular_function"
"1394","ENSMUSG00000078607",0.622875424897111,1.08836982984647,0.00124125627920346,"1810010H24Rik","RIKEN cDNA 1810010H24 gene","69066","GO:0003674","molecular_function"
"1383","ENSMUSG00000075470",-0.75080401682013,3.76493786462956,0.00361960104801947,"Alg10b","asparagine-linked glycosylation 10B (alpha-1,2-glucosyltransferase)","380959","GO:0004583","dolichyl-phosphate-glucose-glycolipid alpha-glucosyltransferase activity"
"1367","ENSMUSG00000074579",-0.869037170325253,1.75987128389632,1.9827260902512e-05,"Lekr1","leucine, glutamate and lysine rich 1","624866","GO:0003674","molecular_function"
"1366","ENSMUSG00000074519",-0.79981854046099,2.79064168558185,0.000760021554449532,"Zfp971","zinc finger protein 971","626848","GO:0003700","transcription factor activity, sequence-specific DNA binding"
"1360","ENSMUSG00000074220",-0.737203769860059,2.11325599222917,0.000752840330163939,"Zfp382","zinc finger protein 382","233060","GO:0000122","negative regulation of transcription from RNA polymerase II promoter"
"1357","ENSMUSG00000074212",-0.546109338764226,6.52105493357425,4.68969475696729e-05,"Dnajb14","DnaJ heat shock protein family (Hsp40) member B14","70604","GO:0005783","endoplasmic reticulum"
"1354","ENSMUSG00000073940",1.21148055224836,5.40764198218625,1.33472681727049e-05,"Hbb-b2","hemoglobin, beta adult minor chain","15130","GO:0005344","oxygen transporter activity"
"1353","ENSMUSG00000073889",0.550515846731184,3.7751929499447,0.000178822336520931,"Il11ra1","interleukin 11 receptor, alpha chain 1","16157","GO:0001779","natural killer cell differentiation"
"1352","ENSMUSG00000073702",0.733931459916914,6.35557856012662,1.48343049190708e-08,"Rpl31","ribosomal protein L31","114641","GO:0003723","RNA binding"
"1346","ENSMUSG00000073514",-1.59257431479209,2.67962715741027,5.2929879921501e-05,"Dok6","docking protein 6","623279","GO:0003674","molecular_function"
"1345","ENSMUSG00000073437",-0.666075934237709,1.27729476628029,0.000624097886978784,"D330041H03Rik","RIKEN cDNA D330041H03 gene","654822","GO:0003674","molecular_function"
"1344","ENSMUSG00000073433",0.506984340466428,6.01349220948782,4.36456212899428e-05,"Arhgdig","Rho GDP dissociation inhibitor (GDI) gamma","14570","GO:0005092","GDP-dissociation inhibitor activity"
"1340","ENSMUSG00000073002",0.579896166463008,2.62033229553068,0.0039277035392305,"Vamp5","vesicle-associated membrane protein 5","53620","GO:0000149","SNARE binding"
"1338","ENSMUSG00000072501",-0.537826065700006,4.90718456139021,0.00816786258296296,"Phf20l1","PHD finger protein 20-like 1","239510","GO:0003674","molecular_function"
"1336","ENSMUSG00000071862",-0.635633115102719,4.57389735639603,0.000113592780558129,"Lrrtm2","leucine rich repeat transmembrane neuronal 2","107065","GO:0002091","negative regulation of receptor internalization"
"1334","ENSMUSG00000071753",-1.14206702772689,2.25420149321368,2.34146819753265e-13,"C230004F18Rik","RIKEN cDNA C230004F18 gene","331424","GO:0003674","molecular_function"
"1330","ENSMUSG00000071550",-1.0080782126857,1.83370265774932,2.83147793887158e-05,"Cfap44","cilia and flagella associated protein 44","212517","GO:0005575","cellular_component"
"1329","ENSMUSG00000071456",-0.911151678068092,1.20124091748207,2.84019281575285e-06,"1110002L01Rik","RIKEN cDNA 1110002L01 gene","100043040","GO:0003674","molecular_function"
"1328","ENSMUSG00000071398",0.934562613746204,1.63094725267499,1.75440988965581e-07,"2410004P03Rik","RIKEN cDNA 2410004P03 gene","73667","GO:0003674","molecular_function"
"1327","ENSMUSG00000071337",-0.843041100912807,5.16704622508416,0.000767887624272336,"Tia1","cytotoxic granule-associated RNA binding protein 1","21841","GO:0003676","nucleic acid binding"
"1320","ENSMUSG00000070823",-1.65975491038446,2.88161754370936,1.26210174489312e-12,"Gm1043","predicted gene 1043","381634","GO:0003674","molecular_function"
"1319","ENSMUSG00000070733",-0.686037342798114,5.97015355951261,2.61479398004941e-06,"Fryl","FRY like transcription coactivator","72313","GO:0000902","cell morphogenesis"
"1318","ENSMUSG00000070695",-0.816820107984973,5.12766904963184,2.06510869953452e-05,"Cntnap5a","contactin associated protein-like 5A","636808","GO:0004190","aspartic-type endopeptidase activity"
"1316","ENSMUSG00000070565",-0.695197145299387,5.79698957296864,5.41631917577008e-06,"Rasal2","RAS protein activator like 2","226525","GO:0005096","GTPase activator activity"
"1313","ENSMUSG00000070336",-0.617559471475202,0.519418126694867,0.00839512437222078,"Fbxo47","F-box protein 47","72973","GO:0003674","molecular_function"
"1311","ENSMUSG00000070047",-0.513481708492453,5.99374910963672,0.00011962656745883,"Fat1","FAT atypical cadherin 1","14107","GO:0003382","epithelial cell morphogenesis"
"1310","ENSMUSG00000069919",1.05397714335155,7.12083702144798,6.01937813797571e-06,"Hba-a1","hemoglobin alpha, adult chain 1","15122","GO:0001701","in utero embryonic development"
"1309","ENSMUSG00000069601",-0.838311670345309,8.41507224339937,6.68359818138469e-08,"Ank3","ankyrin 3, epithelial","11735","GO:0000281","mitotic cytokinesis"
"1307","ENSMUSG00000068758",0.682580626949855,0.639793169649774,0.000691397629049135,"Il3ra","interleukin 3 receptor, alpha chain","16188","GO:0001558","regulation of cell growth"
"1304","ENSMUSG00000068373",-0.527943383213662,5.91967118785909,2.10783000799898e-05,"D430041D05Rik","RIKEN cDNA D430041D05 gene","241589","GO:0003674","molecular_function"
"1302","ENSMUSG00000068220",0.506169429949953,5.68537200111781,0.000678357881533179,"Lgals1","lectin, galactose binding, soluble 1","16852","GO:0001948","glycoprotein binding"
"1300","ENSMUSG00000068036",-0.540728019921762,5.83417549662899,4.42188422676326e-05,"Afdn","afadin, adherens junction formation factor","17356","GO:0005515","protein binding"
"1298","ENSMUSG00000067928",-0.838612190477529,3.40822959499276,0.00113803363463633,"Zfp760","zinc finger protein 760","240034","GO:0003700","transcription factor activity, sequence-specific DNA binding"
"1297","ENSMUSG00000067818",0.723848195053308,4.05909887606898,1.27848991396376e-06,"Myl9","myosin, light polypeptide 9, regulatory","98932","GO:0001725","stress fiber"
"1296","ENSMUSG00000067786",0.53222673960294,6.50498413347418,9.56626636601907e-05,"Nnat","neuronatin","18111","GO:0005737","cytoplasm"
"1295","ENSMUSG00000067336",-0.611242116655687,6.76046305991114,6.07298678968494e-05,"Bmpr2","bone morphogenetic protein receptor, type II (serine/threonine kinase)","12168","GO:0000166","nucleotide binding"
"1294","ENSMUSG00000067288",0.514952428589881,5.37282651852887,8.51147692545462e-05,"Rps28","ribosomal protein S28","54127","GO:0000028","ribosomal small subunit assembly"
"1293","ENSMUSG00000067150",-0.503966779168582,5.07083172945499,0.00566302737320917,"Xpo5","exportin 5","72322","GO:0000049","tRNA binding"
"1292","ENSMUSG00000067144",1.04598577154468,1.1584099241609,2.20039419272473e-05,"Slc22a7","solute carrier family 22 (organic anion transporter), member 7","108114","GO:0005452","inorganic anion exchanger activity"
"1291","ENSMUSG00000067081",-0.553771338691208,1.30828244179558,0.00608062038743595,"Asb18","ankyrin repeat and SOCS box-containing 18","208372","GO:0000151","ubiquitin ligase complex"
"1290","ENSMUSG00000067028",-1.62727112186464,2.56862162843051,2.61044249059764e-06,"Cntnap5b","contactin associated protein-like 5B","241175","GO:0007155","cell adhesion"
"1283","ENSMUSG00000066036",-0.576944622588341,7.54744735429553,5.16292844505191e-09,"Ubr4","ubiquitin protein ligase E3 component n-recognin 4","69116","GO:0004842","ubiquitin-protein transferase activity"
"1279","ENSMUSG00000064329",-0.600017933847,8.05658657396967,0.000522080711765159,"Scn1a","sodium channel, voltage-gated, type I, alpha","20265","GO:0001508","action potential"
"1276","ENSMUSG00000064179",2.29910131892137,1.01628418977224,1.05675116774952e-07,"Tnnt1","troponin T1, skeletal, slow","21955","GO:0003009","skeletal muscle contraction"
"1275","ENSMUSG00000064061",-0.759501434985501,5.99147978322451,8.2370877914999e-06,"Dzip3","DAZ interacting protein 3, zinc finger","224170","GO:0000209","protein polyubiquitination"
"1274","ENSMUSG00000064023",1.04620624873523,0.710047356925955,0.000238435724783309,"Klk8","kallikrein related-peptidase 8","259277","GO:0004252","serine-type endopeptidase activity"
"1271","ENSMUSG00000063810",-0.983323051468232,3.01203485250811,4.71152566974822e-08,"Alms1","ALMS1, centrosome and basal body associated","236266","GO:0001678","cellular glucose homeostasis"
"1266","ENSMUSG00000063531",-0.505667124167233,3.04761992172302,0.000599538485297631,"Sema3e","sema domain, immunoglobulin domain (Ig), short basic domain, secreted, (semaphorin) 3E","20349","GO:0001525","angiogenesis"
"1264","ENSMUSG00000063488",-0.544801415457802,1.81269240486304,0.00167897655211123,"Zkscan7","zinc finger with KRAB and SCAN domains 7","382118","GO:0003674","molecular_function"
"1261","ENSMUSG00000063317",-0.718476002569496,7.49444617148174,1.03116481637399e-05,"Usp31","ubiquitin specific peptidase 31","76179","GO:0004843","thiol-dependent ubiquitin-specific protease activity"
"1258","ENSMUSG00000063142",-0.643873437559708,6.17028199541502,5.19881007493119e-08,"Kcnma1","potassium large conductance calcium-activated channel, subfamily M, alpha member 1","16531","GO:0001666","response to hypoxia"
"1256","ENSMUSG00000063077",-0.559935744486452,10.0782100364256,1.95024585943239e-05,"Kif1b","kinesin family member 1B","16561","GO:0000166","nucleotide binding"
"1255","ENSMUSG00000062949",-0.81487883050305,4.28664253660426,0.00158558332484201,"Atp11c","ATPase, class VI, type 11C","320940","GO:0000166","nucleotide binding"
"1249","ENSMUSG00000062296",-0.921092275381536,6.07023173658563,4.36015253399418e-06,"Trank1","tetratricopeptide repeat and ankyrin repeat containing 1","320429","GO:0003674","molecular_function"
"1248","ENSMUSG00000062257",-0.568100793394054,5.80644163912772,6.42076109255828e-05,"Opcml","opioid binding protein/cell adhesion molecule-like","330908","GO:0003674","molecular_function"
"1244","ENSMUSG00000061911",-0.580186093427928,6.32361299617977,0.000102316416731393,"Myt1l","myelin transcription factor 1-like","17933","GO:0000977","RNA polymerase II regulatory region sequence-specific DNA binding"
"1243","ENSMUSG00000061882",-0.822526996427211,1.11820157522749,0.000638477068626953,"Ccdc62","coiled-coil domain containing 62","208908","GO:0005634","nucleus"
"1240","ENSMUSG00000061755",-0.677658291472813,6.04562762128264,1.09433847339081e-06,"Bod1l","biorientation of chromosomes in cell division 1-like","665775","GO:0003674","molecular_function"
"1239","ENSMUSG00000061751",-0.717213486509072,4.34745035294507,1.96133393599123e-06,"Kalrn","kalirin, RhoGEF kinase","545156","GO:0000166","nucleotide binding"
"1238","ENSMUSG00000061601",-1.34445611459884,6.38305603553832,4.06959477141721e-11,"Pclo","piccolo (presynaptic cytomatrix protein)","26875","GO:0001222","transcription corepressor binding"
"1237","ENSMUSG00000061589",-0.604675255037869,5.27279261443011,0.000215394453419776,"Dot1l","DOT1-like, histone H3 methyltransferase (S. cerevisiae)","208266","GO:0000077","DNA damage checkpoint"
"1236","ENSMUSG00000061578",-0.677986008013992,4.55187341784992,4.6437277110349e-05,"Ksr2","kinase suppressor of ras 2","333050","GO:0000166","nucleotide binding"
"1235","ENSMUSG00000061518",0.502031621878121,7.41381471234529,1.05367462164292e-05,"Cox5b","cytochrome c oxidase subunit Vb","12859","GO:0004129","cytochrome-c oxidase activity"
"1232","ENSMUSG00000061186",-0.542568816317699,2.77548004062034,0.00130225371637065,"Sfmbt2","Scm-like with four mbt domains 2","353282","GO:0005634","nucleus"
"1231","ENSMUSG00000061086",0.676587307679494,1.16155353031605,0.0102147588105055,"Myl4","myosin, light polypeptide 4","17896","GO:0002026","regulation of the force of heart contraction"
"1229","ENSMUSG00000060924",-0.948812587224644,3.67191809738646,2.79292682071958e-08,"Csmd1","CUB and Sushi multiple domains 1","94109","GO:0001964","startle response"
"1228","ENSMUSG00000060843",-0.791266781146764,3.73046548239876,2.88712743305984e-09,"Ctnna3","catenin (cadherin associated protein), alpha 3","216033","GO:0005515","protein binding"
"1220","ENSMUSG00000060206",-0.665217042836081,5.05841481667103,5.56381878275691e-05,"Zfp462","zinc finger protein 462","242466","GO:0003674","molecular_function"
"1215","ENSMUSG00000059742",-0.910714810552519,4.22125758880949,2.28355217691547e-05,"Kcnh7","potassium voltage-gated channel, subfamily H (eag-related), member 7","170738","GO:0005216","ion channel activity"
"1212","ENSMUSG00000059495",-0.606646160941502,7.41116170831891,8.92423027380223e-05,"Arhgef12","Rho guanine nucleotide exchange factor (GEF) 12","69632","GO:0001664","G-protein coupled receptor binding"
"1211","ENSMUSG00000059493",-0.74877789264289,3.79305218180999,2.1040325210934e-05,"Nhs","NHS actin remodeling regulator","195727","GO:0002088","lens development in camera-type eye"
"1209","ENSMUSG00000059423",-0.914991328230892,3.17318528731672,3.79734927605454e-05,"Zfp933","zinc finger protein 933","242747","GO:0003700","transcription factor activity, sequence-specific DNA binding"
"1208","ENSMUSG00000059146",-0.642284128992109,6.27451525168231,7.87841803625395e-10,"Ntrk3","neurotrophic tyrosine kinase, receptor, type 3","18213","GO:0000166","nucleotide binding"
"1207","ENSMUSG00000059070",0.564792512606848,6.37504960337975,1.7546945275859e-05,"Rpl18","ribosomal protein L18","19899","GO:0003735","structural constituent of ribosome"
"1205","ENSMUSG00000058897",-0.776750182943334,4.83643918949587,5.75913950732345e-05,"Col25a1","collagen, type XXV, alpha 1","77018","GO:0001540","beta-amyloid binding"
"1204","ENSMUSG00000058706",-0.504153652429425,3.93380268879034,0.00436054159569316,"0610030E20Rik","RIKEN cDNA 0610030E20 gene","68364","GO:0003674","molecular_function"
"1196","ENSMUSG00000058006",-1.02367006780036,5.67291375141765,1.80181003431071e-10,"Mdn1","midasin AAA ATPase 1","100019","GO:0000027","ribosomal large subunit assembly"
"1193","ENSMUSG00000057716",-0.55101144247547,7.25865718763655,4.53189801489802e-05,"Tmem178b","transmembrane protein 178B","434008","GO:0003674","molecular_function"
"1191","ENSMUSG00000057531",0.543607090762567,6.52503963736322,2.71139516909473e-06,"Dtnbp1","dystrobrevin binding protein 1","94245","GO:0001934","positive regulation of protein phosphorylation"
"1189","ENSMUSG00000057378",-1.10372269398891,4.41346843906447,6.1540406789279e-07,"Ryr3","ryanodine receptor 3","20192","GO:0005216","ion channel activity"
"1185","ENSMUSG00000057133",-0.656921183873731,6.51246125346094,4.23180682531301e-07,"Chd6","chromodomain helicase DNA binding protein 6","71389","GO:0000166","nucleotide binding"
"1181","ENSMUSG00000056899",0.571686515085023,1.91853547568242,0.000295671674874818,"Immp2l","IMP2 inner mitochondrial membrane peptidase-like (S. cerevisiae)","93757","GO:0001541","ovarian follicle development"
"1176","ENSMUSG00000056629",0.503968435545934,6.4033685777307,7.50011543993034e-05,"Fkbp2","FK506 binding protein 2","14227","GO:0003755","peptidyl-prolyl cis-trans isomerase activity"
"1166","ENSMUSG00000056258",-0.775469515763908,6.1926010609981,8.41763063444006e-08,"Kcnq3","potassium voltage-gated channel, subfamily Q, member 3","110862","GO:0005216","ion channel activity"
"1164","ENSMUSG00000056073",-0.523539611951342,4.74927320882247,0.000242221351605767,"Grik2","glutamate receptor, ionotropic, kainate 2 (beta 2)","14806","GO:0001662","behavioral fear response"
"1159","ENSMUSG00000055884",-0.690013175769121,3.60387153239314,2.65604425564009e-05,"Fancm","Fanconi anemia, complementation group M","104806","GO:0000166","nucleotide binding"
"1156","ENSMUSG00000055761",-0.992230816206068,1.52415441920496,1.82156368324973e-06,"Nkain3","Na+/K+ transporting ATPase interacting 3","269513","GO:0002028","regulation of sodium ion transport"
"1153","ENSMUSG00000055567",-1.16301803652693,7.92709893068564,8.75329687505246e-09,"Unc80","unc-80, NALCN activator","329178","GO:0005515","protein binding"
"1152","ENSMUSG00000055540",-1.1355281345409,2.51593717906792,1.33599548654088e-08,"Epha6","Eph receptor A6","13840","GO:0000166","nucleotide binding"
"1150","ENSMUSG00000055489",-0.609248571114382,1.20929439532917,0.00359352144973363,"Ano5","anoctamin 5","233246","GO:0005622","intracellular"
"1146","ENSMUSG00000055373",-0.788871055092509,5.75775989832836,0.000350177779196124,"Fut9","fucosyltransferase 9","14348","GO:0000139","Golgi membrane"
"1144","ENSMUSG00000055320",-0.678744218039698,4.1712467260042,0.000125844426221041,"Tead1","TEA domain family member 1","21676","GO:0000978","RNA polymerase II core promoter proximal region sequence-specific DNA binding"
"1143","ENSMUSG00000055296",-0.717469020611064,5.84304467835406,2.95172483559535e-07,"Tmem245","transmembrane protein 245","242474","GO:0016020","membrane"
"1137","ENSMUSG00000054752",-0.524170404199424,4.81460669855958,0.00473175918558702,"Fsd1l","fibronectin type III and SPRY domain containing 1-like","319636","GO:0003674","molecular_function"
"1135","ENSMUSG00000054659",-0.634066922695365,0.99591043275742,0.0120700407194461,"Pm20d2","peptidase M20 domain containing 2","242377","GO:0005654","nucleoplasm"
"1134","ENSMUSG00000054640",-0.923075300304182,3.90922351118029,8.19752999375246e-05,"Slc8a1","solute carrier family 8 (sodium/calcium exchanger), member 1","20541","GO:0001666","response to hypoxia"
"1129","ENSMUSG00000054409",-0.603876604787926,2.14096090532998,0.00987810393459952,"Tmem74","transmembrane protein 74","239408","GO:0003674","molecular_function"
"1125","ENSMUSG00000054150",-0.739589156856928,2.96063572873144,0.000131536395617701,"Syne3","spectrin repeat containing, nuclear envelope family member 3","212073","GO:0005515","protein binding"
"1124","ENSMUSG00000054051",-0.601776181554952,3.82948100104849,8.66261548611151e-05,"Ercc6","excision repair cross-complementing rodent repair deficiency, complementation group 6","319955","GO:0000303","response to superoxide"
"1122","ENSMUSG00000053801",0.632695163942458,3.70287188058801,5.73530321283525e-06,"Grwd1","glutamate-rich WD repeat containing 1","101612","GO:0003682","chromatin binding"
"1116","ENSMUSG00000053550",-0.653206347222559,4.03156299260101,7.93397364338228e-07,"Shisa7","shisa family member 7","232813","GO:0003674","molecular_function"
"1114","ENSMUSG00000053465",-1.03905272791422,1.7897032835781,0.00063689060355928,"Hs6st3","heparan sulfate 6-O-sulfotransferase 3","50787","GO:0008146","sulfotransferase activity"
"1111","ENSMUSG00000053141",-0.693427504998178,6.21922204554484,9.44782887370211e-06,"Ptprt","protein tyrosine phosphatase, receptor type, T","19281","GO:0004721","phosphoprotein phosphatase activity"
"1108","ENSMUSG00000052926",0.544383902749401,4.49121315790174,0.000124189202496189,"Rnaseh2a","ribonuclease H2, large subunit","69724","GO:0003676","nucleic acid binding"
"1107","ENSMUSG00000052920",-0.643342431656232,2.40457587566661,0.00438597464588028,"Prkg1","protein kinase, cGMP-dependent, type I","19091","GO:0000166","nucleotide binding"
"1106","ENSMUSG00000052917",-0.594821795690064,4.72676619636263,0.000234487952763706,"Senp7","SUMO1/sentrin specific peptidase 7","66315","GO:0004930","G-protein coupled receptor activity"
"1105","ENSMUSG00000052861",-0.512654165441169,1.34993425416312,0.00390956281212492,"Dnah6","dynein, axonemal, heavy chain 6","330355","GO:0003341","cilium movement"
"1103","ENSMUSG00000052783",-0.658763582400034,1.45489954509096,0.000124714697424628,"Grk4","G protein-coupled receptor kinase 4","14772","GO:0000166","nucleotide binding"
"1101","ENSMUSG00000052727",-0.709954768806099,10.0537504941118,2.82448823826961e-06,"Map1b","microtubule-associated protein 1B","17755","GO:0000226","microtubule cytoskeleton organization"
"1100","ENSMUSG00000052726",-1.04264318244301,2.58384899236633,5.67390686052285e-06,"Kcnt2","potassium channel, subfamily T, member 2","240776","GO:0005249","voltage-gated potassium channel activity"
"1099","ENSMUSG00000052707",-0.545499736652961,6.23169995718159,8.1389386040842e-05,"Tnrc6a","trinucleotide repeat containing 6a","233833","GO:0000932","P-body"
"1098","ENSMUSG00000052613",-1.11522450754751,3.92304143586081,8.8933343908284e-08,"Pcdh15","protocadherin 15","11994","GO:0001750","photoreceptor outer segment"
"1096","ENSMUSG00000052551",-0.747041962802294,3.95414555527982,2.52313334115937e-05,"Adarb2","adenosine deaminase, RNA-specific, B2","94191","GO:0003723","RNA binding"
"1095","ENSMUSG00000052516",-0.528446041938959,5.47696081506729,0.000519833114002942,"Robo2","roundabout guidance receptor 2","268902","GO:0001656","metanephros development"
"1093","ENSMUSG00000052479",-0.648252935005998,0.874502110919109,0.00124697133512932,"A330008L17Rik","RIKEN cDNA A330008L17 gene","234624","GO:0003674","molecular_function"
"1092","ENSMUSG00000052446",-1.10596393822507,2.44618512624145,0.00938691901751987,"Zfp961","zinc finger protein 961","234413","GO:0003674","molecular_function"
"1090","ENSMUSG00000052387",-0.957504121232657,6.20092451191424,2.01142134030762e-05,"Trpm3","transient receptor potential cation channel, subfamily M, member 3","226025","GO:0005261","cation channel activity"
"1088","ENSMUSG00000052372",-0.539270528813966,2.34668554235368,0.0141868486967713,"Il1rapl1","interleukin 1 receptor accessory protein-like 1","331461","GO:0005102","receptor binding"
"1087","ENSMUSG00000052305",1.04652632884997,7.6685267451597,2.14026201145296e-06,"Hbb-b1","hemoglobin, beta adult major chain","15129","GO:0005344","oxygen transporter activity"
"1081","ENSMUSG00000051444",-0.68312585891622,1.58074106335098,0.000106200269648542,"Bbs12","Bardet-Biedl syndrome 12 (human)","241950","GO:0005524","ATP binding"
"1080","ENSMUSG00000051331",-0.802909551228862,5.22618002635292,1.37179215371642e-11,"Cacna1c","calcium channel, voltage-dependent, L type, alpha 1C subunit","12288","GO:0002095","caveolar macromolecular signaling complex"
"1078","ENSMUSG00000051278",-0.714770415925496,1.54771835112998,0.00248868993131843,"Zgrf1","zinc finger, GRF-type containing 1","71643","GO:0003674","molecular_function"
"1076","ENSMUSG00000051166",-1.08570743032634,4.45651979934421,1.10520972624301e-07,"Eml5","echinoderm microtubule associated protein like 5","319670","GO:0005737","cytoplasm"
"1074","ENSMUSG00000050965",-0.519405796999659,5.82527997570079,3.05638582140064e-05,"Prkca","protein kinase C, alpha","18750","GO:0000166","nucleotide binding"
"1072","ENSMUSG00000050944",-1.02997511418528,0.837114404506837,4.12900899868276e-07,"Efcab5","EF-hand calcium binding domain 5","319634","GO:0003674","molecular_function"
"1069","ENSMUSG00000050856",0.530576142849328,6.89735776336068,0.000294825684807734,"Atp5k","ATP synthase, H+ transporting, mitochondrial F1F0 complex, subunit E","11958","GO:0000276","mitochondrial proton-transporting ATP synthase complex, coupling factor F(o)"
"1062","ENSMUSG00000050545",-0.764476394323956,1.74558508131884,3.46615227724034e-06,"Fam228b","family with sequence similarity 228, member B","207921","GO:0003674","molecular_function"
"1061","ENSMUSG00000050511",-0.914872366032415,3.0713903463479,6.49710612409712e-05,"Oprd1","opioid receptor, delta 1","18386","GO:0000060","protein import into nucleus, translocation"
"1057","ENSMUSG00000050310",-0.751930177370793,5.30648119651658,6.16497030314373e-05,"Rictor","RPTOR independent companion of MTOR, complex 2","78757","GO:0001932","regulation of protein phosphorylation"
"1049","ENSMUSG00000049606",-0.560288368343158,5.28134629637809,0.000848646701224036,"Zfp644","zinc finger protein 644","52397","GO:0003674","molecular_function"
"1048","ENSMUSG00000049583",-0.770350647020777,5.93460117366017,7.85840294295883e-05,"Grm5","glutamate receptor, metabotropic 5","108071","GO:0000185","activation of MAPKKK activity"
"1047","ENSMUSG00000049571",-0.932738286950105,2.60985889779603,9.29007781032173e-05,"Cfap46","cilia and flagella associated protein 46","212124","GO:0003674","molecular_function"
"1046","ENSMUSG00000049470",-0.5441566979432,7.40417019317791,0.000281625002958839,"Aff4","AF4/FMR2 family, member 4","93736","GO:0001650","fibrillar center"
"1045","ENSMUSG00000049336",-0.70966447776278,4.37518947675417,3.29834305584469e-07,"Tenm2","teneurin transmembrane protein 2","23964","GO:0005102","receptor binding"
"1044","ENSMUSG00000049252",-1.00337715143549,5.16572616639473,2.00423451787514e-06,"Lrp1b","low density lipoprotein-related protein 1B (deleted in tumors)","94217","GO:0001701","in utero embryonic development"
"1040","ENSMUSG00000049148",-1.13105362006179,2.1375777295351,0.0104638620221092,"Plcxd3","phosphatidylinositol-specific phospholipase C, X domain containing 3","239318","GO:0003674","molecular_function"
"1037","ENSMUSG00000048960",-0.798911569254236,4.73723899282389,0.000435683029621671,"Prex2","phosphatidylinositol-3,4,5-trisphosphate-dependent Rac exchange factor 2","109294","GO:0005085","guanyl-nucleotide exchange factor activity"
"1035","ENSMUSG00000048732",-0.839779984808565,4.35983036902928,0.00337414472437973,"Klhl11","kelch-like 11","217194","GO:0005634","nucleus"
"1033","ENSMUSG00000048490",-0.598176673142331,4.45991154077848,0.000376408922330223,"Nrip1","nuclear receptor interacting protein 1","268903","GO:0000118","histone deacetylase complex"
"1031","ENSMUSG00000048304",-0.518259609328252,4.74206528948453,7.05835747316522e-05,"Slitrk3","SLIT and NTRK-like family, member 3","386750","GO:0003674","molecular_function"
"1030","ENSMUSG00000048280",-0.708727838447599,3.62108113931936,1.56806923092175e-05,"Zfp738","zinc finger protein 738","408068","GO:0005575","cellular_component"
"1029","ENSMUSG00000048279",-0.752064746635815,7.01333882822202,3.42808815763416e-06,"Sacs","sacsin","50720","GO:0005737","cytoplasm"
"1027","ENSMUSG00000048148",-0.514414851313232,6.1095838081717,6.5417561484443e-06,"Nwd1","NACHT and WD repeat domain containing 1","319555","GO:0000166","nucleotide binding"
"1025","ENSMUSG00000048078",-0.545288598720194,6.19589857641665,1.20716913197418e-06,"Tenm4","teneurin transmembrane protein 4","23966","GO:0001702","gastrulation with mouth forming second"
"1024","ENSMUSG00000048047",-0.527779480058344,4.1006172003984,0.00517507295969009,"Zbtb33","zinc finger and BTB domain containing 33","56805","GO:0003676","nucleic acid binding"
"1023","ENSMUSG00000048038",-0.77106681446787,3.89064345833643,4.41460458077683e-05,"Ccdc187","coiled-coil domain containing 187","329366","GO:0003674","molecular_function"
"1021","ENSMUSG00000047988",-0.5062095190462,1.01211392760648,0.0351686512093075,"4933428G20Rik","RIKEN cDNA 4933428G20 gene","100141474","GO:0003674","molecular_function"
"1020","ENSMUSG00000047976",-0.898631148893331,6.95735989052952,0.000840247925485049,"Kcna1","potassium voltage-gated channel, shaker-related subfamily, member 1","16485","GO:0001964","startle response"
"1014","ENSMUSG00000047804",-0.671404711213894,4.79659092915282,8.3057541934995e-06,"Akap10","A kinase (PRKA) anchor protein 10","56697","GO:0005737","cytoplasm"
"1007","ENSMUSG00000047496",-0.542376344283673,4.7865624718125,8.6315201099025e-05,"Rnf152","ring finger protein 152","320311","GO:0000209","protein polyubiquitination"
"1006","ENSMUSG00000047495",-0.858504194063415,3.01520971990687,3.75410736457398e-06,"Dlgap2","discs, large (Drosophila) homolog-associated protein 2","244310","GO:0005886","plasma membrane"
"1005","ENSMUSG00000047485",-0.772818099941305,2.12954776233882,1.18258735271683e-05,"Klhl34","kelch-like 34","245683","GO:0004842","ubiquitin-protein transferase activity"
"1002","ENSMUSG00000047344",-0.782269879116147,2.75347391701654,0.00751674163851287,"Lancl3","LanC lantibiotic synthetase component C-like 3 (bacterial)","236285","GO:0003674","molecular_function"
"1001","ENSMUSG00000047216",-1.04473112823212,4.18265574471329,4.17233369071534e-05,"Cdh19","cadherin 19, type 2","227485","GO:0003674","molecular_function"
"1000","ENSMUSG00000047193",-0.782108882047809,5.1811077294625,3.60886777184707e-07,"Dync2h1","dynein cytoplasmic 2 heavy chain 1","110350","GO:0000166","nucleotide binding"
"998","ENSMUSG00000047036",-0.854560256088404,6.67993155308594,4.10299646251272e-06,"Zfp445","zinc finger protein 445","235682","GO:0003676","nucleic acid binding"
"997","ENSMUSG00000047021",-0.761563044207627,1.71213957851851,0.000957014533816367,"Cfap65","cilia and flagella associated protein 65","241116","GO:0003723","RNA binding"
"994","ENSMUSG00000046753",-0.746687611259768,3.38145698369852,7.6405219718036e-06,"Ccdc66","coiled-coil domain containing 66","320234","GO:0003674","molecular_function"
"988","ENSMUSG00000046449",-0.72551049910563,3.75658691649162,4.41953795719875e-05,"C77370","expressed sequence C77370","245555","GO:0005634","nucleus"
"983","ENSMUSG00000046230",-0.726342420969622,4.76154028618795,2.67670639390819e-05,"Vps13a","vacuolar protein sorting 13A","271564","GO:0003674","molecular_function"
"982","ENSMUSG00000046169",-0.811282445410706,2.51771592202663,0.0013841236790522,"Adamts6","a disintegrin-like and metallopeptidase (reprolysin type) with thrombospondin type 1 motif, 6","108154","GO:0003279","cardiac septum development"
"979","ENSMUSG00000045991",-1.02030557679971,1.77677917928812,5.86333234882884e-07,"Onecut2","one cut domain, family member 2","225631","GO:0000978","RNA polymerase II core promoter proximal region sequence-specific DNA binding"
"977","ENSMUSG00000045875",-0.683221281242377,3.42391943880817,0.000167273795119664,"Adra1a","adrenergic receptor, alpha 1a","11549","GO:0001985","negative regulation of heart rate involved in baroreceptor response to increased systemic arterial blood pressure"
"976","ENSMUSG00000045767",-0.542621068069725,6.33067209557989,0.00274746709812989,"B230219D22Rik","RIKEN cDNA B230219D22 gene","78521","GO:0003674","molecular_function"
"972","ENSMUSG00000045441",-0.929378628461814,2.38482222430057,0.000397471567309864,"Gprin3","GPRIN family member 3","243385","GO:0003674","molecular_function"
"966","ENSMUSG00000045106",-0.536608570011301,2.0292725720884,0.0063820182268667,"Ccdc73","coiled-coil domain containing 73","211936","GO:0003674","molecular_function"
"965","ENSMUSG00000045103",-0.749866564808469,5.08031127811965,0.000137467775270298,"Dmd","dystrophin, muscular dystrophy","13405","GO:0001954","positive regulation of cell-matrix adhesion"
"964","ENSMUSG00000045071",-0.568581495839103,4.40997523765084,0.000229100689650683,"E130308A19Rik","RIKEN cDNA E130308A19 gene","230259","GO:0000981","RNA polymerase II transcription factor activity, sequence-specific DNA binding"
"957","ENSMUSG00000044647",-0.532006232297351,5.7545113024363,0.000226983754051707,"Csrnp3","cysteine-serine-rich nuclear protein 3","77771","GO:0001228","transcriptional activator activity, RNA polymerase II transcription regulatory region sequence-specific binding"
"952","ENSMUSG00000044447",-0.585062064312942,5.91754395357547,4.40332973961978e-05,"Dock5","dedicator of cytokinesis 5","68813","GO:0005085","guanyl-nucleotide exchange factor activity"
"951","ENSMUSG00000044349",-1.23626280299188,8.32976296793031,1.12951074705791e-06,"Snhg11","small nucleolar RNA host gene 11","319317","GO:0003674","molecular_function"
"947","ENSMUSG00000044150",-0.632249525740968,2.64562236763339,0.000688425703884984,"A830080D01Rik","RIKEN cDNA A830080D01 gene","382252","GO:0003674","molecular_function"
"945","ENSMUSG00000044072",-0.660318928941236,4.04247054052086,6.07505317412812e-05,"Eml6","echinoderm microtubule associated protein like 6","237711","GO:0005737","cytoplasm"
"944","ENSMUSG00000044042",-0.535369647399362,4.86855202856496,0.000876208547790996,"Fmn1","formin 1","14260","GO:0001822","kidney development"
"943","ENSMUSG00000044033",-0.592387956303558,4.51351452988597,0.00119195555181272,"Ccdc141","coiled-coil domain containing 141","545428","GO:0005515","protein binding"
"940","ENSMUSG00000043940",-0.765788079070898,7.29780372606056,1.08371312027935e-07,"Wdfy3","WD repeat and FYVE domain containing 3","72145","GO:0003831","beta-N-acetylglucosaminylglycopeptide beta-1,4-galactosyltransferase activity"
"934","ENSMUSG00000043456",-0.622288060745623,4.27740663768565,2.26505343967731e-05,"Zfp536","zinc finger protein 536","243937","GO:0000122","negative regulation of transcription from RNA polymerase II promoter"
"932","ENSMUSG00000043313",-0.590553678369436,2.20092406097573,0.000555069186017606,"Pcdhb19","protocadherin beta 19","93890","GO:0005887","integral component of plasma membrane"
"929","ENSMUSG00000043165",0.802424949463464,2.56475511333103,3.29465104020201e-05,"Lor","loricrin","16939","GO:0001533","cornified envelope"
"927","ENSMUSG00000043019",-0.69406879069162,5.6577032841978,0.000215635175884295,"Edem3","ER degradation enhancer, mannosidase alpha-like 3","66967","GO:0004571","mannosyl-oligosaccharide 1,2-alpha-mannosidase activity"
"924","ENSMUSG00000042870",-0.701946331605153,2.41452277820375,0.0385431103665026,"Tom1","target of myb1 trafficking protein","21968","GO:0005515","protein binding"
"922","ENSMUSG00000042724",-0.768138457140054,4.60419041622693,0.000166262093573934,"Map3k9","mitogen-activated protein kinase kinase kinase 9","338372","GO:0000166","nucleotide binding"
"921","ENSMUSG00000042708",-0.976179139740725,1.07887859934312,0.000339307979815975,"Shcbp1l","Shc SH2-domain binding protein 1-like","71836","GO:0005515","protein binding"
"919","ENSMUSG00000042680",-0.637519779308543,4.27826752103218,9.4224455353453e-06,"Garem1","GRB2 associated regulator of MAPK1 subtype 1","381126","GO:0005575","cellular_component"
"917","ENSMUSG00000042599",-0.573022679093503,5.23498769912125,0.00219855542643187,"Kdm7a","lysine (K)-specific demethylase 7A","338523","GO:0005506","iron ion binding"
"916","ENSMUSG00000042595",-0.714040988746684,3.88183859239256,0.00369770524132296,"Fam199x","family with sequence similarity 199, X-linked","245622","GO:0003674","molecular_function"
"909","ENSMUSG00000042408",-0.906457547754582,4.1547149601851,1.31285683801503e-06,"Zmym6","zinc finger, MYM-type 6","100177","GO:0000981","RNA polymerase II transcription factor activity, sequence-specific DNA binding"
"908","ENSMUSG00000042323",-0.553728343293977,5.7327058898616,0.00101482279813514,"Pbrm1","polybromo 1","66923","GO:0000776","kinetochore"
"907","ENSMUSG00000042256",-0.82771917869106,2.38902877065299,0.000111259740625409,"Ptchd4","patched domain containing 4","627626","GO:0003674","molecular_function"
"901","ENSMUSG00000041966",-0.71542925083889,3.78381003052337,4.40356334646584e-05,"Dcaf17","DDB1 and CUL4 associated factor 17","75763","GO:0003674","molecular_function"
"900","ENSMUSG00000041936",-0.605045702627242,6.88152284457776,2.43896669015513e-06,"Agrn","agrin","11603","GO:0001932","regulation of protein phosphorylation"
"899","ENSMUSG00000041935",-0.543441873069757,5.75158062979913,0.000498921898455867,"AW549877","expressed sequence AW549877","106064","GO:0003674","molecular_function"
"897","ENSMUSG00000041841",0.516917635989064,6.77158721432891,6.57692847419775e-05,"Rpl37","ribosomal protein L37","67281","GO:0003723","RNA binding"
"896","ENSMUSG00000041771",-0.622985425713388,2.69699430583312,0.00013077206185259,"Slc24a4","solute carrier family 24 (sodium/potassium/calcium exchanger), member 4","238384","GO:0005262","calcium channel activity"
"891","ENSMUSG00000041624",-1.54808209207836,2.03182539664283,1.0805153518069e-09,"Gucy1a2","guanylate cyclase 1, soluble, alpha 2","234889","GO:0004383","guanylate cyclase activity"
"890","ENSMUSG00000041552",-0.755561048965787,2.21723070029822,0.0109786755519949,"Ptchd1","patched domain containing 1","211612","GO:0003674","molecular_function"
"889","ENSMUSG00000041483",-0.550300136240701,4.8155681371194,0.00405317238067743,"Zfp281","zinc finger protein 281","226442","GO:0000122","negative regulation of transcription from RNA polymerase II promoter"
"886","ENSMUSG00000041444",-0.57739884624302,6.45351611194542,9.20170926585814e-05,"Arhgap32","Rho GTPase activating protein 32","330914","GO:0001650","fibrillar center"
"885","ENSMUSG00000041415",-0.575780943848673,5.64686216683307,2.40705692001398e-06,"Dicer1","dicer 1, ribonuclease type III","192119","GO:0000122","negative regulation of transcription from RNA polymerase II promoter"
"882","ENSMUSG00000041268",-0.728557639090085,7.3600802995173,2.48456044857043e-06,"Dmxl2","Dmx-like 2","235380","GO:0005615","extracellular space"
"879","ENSMUSG00000041216",-0.719715864381624,3.82233227453391,8.19207700721856e-05,"Clvs1","clavesin 1","74438","GO:0005215","transporter activity"
"876","ENSMUSG00000041144",-0.792945824193193,1.33833283039679,0.000606782989146178,"Dnah7b","dynein, axonemal, heavy chain 7B","227058","GO:0003674","molecular_function"
"872","ENSMUSG00000040952",0.706777902131408,6.19846341850457,5.11201816562333e-06,"Rps19","ribosomal protein S19","20085","GO:0000028","ribosomal small subunit assembly"
"865","ENSMUSG00000040761",-0.631498140060499,5.48878491980622,3.19946318981026e-07,"Spen","SPEN homolog, transcriptional regulator (Drosophila)","56381","GO:0000122","negative regulation of transcription from RNA polymerase II promoter"
"863","ENSMUSG00000040721",-0.623852120401002,4.59116811024724,5.98978275173974e-07,"Zfhx2","zinc finger homeobox 2","239102","GO:0030534","adult behavior"
"861","ENSMUSG00000040693",-0.689788566390203,1.04458095586846,0.0089570438511827,"Slco4c1","solute carrier organic anion transporter family, member 4C1","227394","GO:0005215","transporter activity"
"855","ENSMUSG00000040565",-0.575912796814348,4.41602391157411,4.62258634606369e-05,"Btaf1","B-TFIID TATA-box binding protein associated factor 1","107182","GO:0003674","molecular_function"
"853","ENSMUSG00000040537",-0.556827631604302,7.32131573479634,2.72714341500071e-05,"Adam22","a disintegrin and metallopeptidase domain 22","11496","GO:0004222","metalloendopeptidase activity"
"852","ENSMUSG00000040536",-0.761563637167024,4.97709588538501,0.000508603410929516,"Necab1","N-terminal EF-hand calcium binding protein 1","69352","GO:0005509","calcium ion binding"
"848","ENSMUSG00000040455",-0.521239592151967,5.24463120512634,0.00330875002150553,"Usp45","ubiquitin specific petidase 45","77593","GO:0004843","thiol-dependent ubiquitin-specific protease activity"
"847","ENSMUSG00000040452",-0.818701266958224,2.78390401076263,0.000362837580297162,"Cdh12","cadherin 12","215654","GO:0005509","calcium ion binding"
"838","ENSMUSG00000040209",-0.555862174469095,5.27963090739821,5.67876664223882e-05,"Zfp704","zinc finger protein 704","170753","GO:0001158","enhancer sequence-specific DNA binding"
"837","ENSMUSG00000040187",-1.482935655491,0.68812367245227,6.69146936377942e-07,"Arntl2","aryl hydrocarbon receptor nuclear translocator-like 2","272322","GO:0000982","transcription factor activity, RNA polymerase II core promoter proximal region sequence-specific binding"
"836","ENSMUSG00000040125",-0.782573547086683,5.04063922958345,1.07208817305188e-08,"Gpr26","G protein-coupled receptor 26","233919","GO:0004871","signal transducer activity"
"831","ENSMUSG00000040016",-0.879701986838267,1.09389596587824,9.24457709637589e-05,"Ptger3","prostaglandin E receptor 3 (subtype EP3)","19218","GO:0001660","fever generation"
"824","ENSMUSG00000039841",-0.76937960673729,3.08298874071872,0.000863345894734403,"Zfp800","zinc finger protein 800","627049","GO:0003676","nucleic acid binding"
"821","ENSMUSG00000039801",-0.811160430106857,5.0222314151146,9.80535964777991e-07,"2410089E03Rik","RIKEN cDNA 2410089E03 gene","73692","GO:0001736","establishment of planar polarity"
"819","ENSMUSG00000039782",-0.656924483064174,6.23195679763327,0.00176591539211051,"Cpeb2","cytoplasmic polyadenylation element binding protein 2","231207","GO:0000900","translation repressor activity, nucleic acid binding"
"812","ENSMUSG00000039652",-0.56169754658334,5.78295794365448,0.00256954123416458,"Cpeb3","cytoplasmic polyadenylation element binding protein 3","208922","GO:0000122","negative regulation of transcription from RNA polymerase II promoter"
"811","ENSMUSG00000039585",-0.682989390990202,6.39930307702531,9.70768419731294e-06,"Myo9a","myosin IXa","270163","GO:0000166","nucleotide binding"
"810","ENSMUSG00000039488",-0.602863587188425,1.49916461105323,0.00101974323821866,"Cntn5","contactin 5","244682","GO:0005829","cytosol"
"807","ENSMUSG00000039313",-0.638873548690773,4.36009578312665,0.000623971038991426,"AF529169","cDNA sequence AF529169","209743","GO:0003674","molecular_function"
"806","ENSMUSG00000039278",0.50365261051122,9.55572304674635,0.000225994463761525,"Pcsk1n","proprotein convertase subtilisin/kexin type 1 inhibitor","30052","GO:0002021","response to dietary excess"
"804","ENSMUSG00000039236",0.819241740283363,0.809075005125276,0.0154432294731912,"Isg20","interferon-stimulated protein","57444","GO:0000175","3'-5'-exoribonuclease activity"
"803","ENSMUSG00000039234",-0.781439556952514,3.3561629790748,0.000172987072542698,"Sec24d","Sec24 related gene family, member D (S. cerevisiae)","69608","GO:0001701","in utero embryonic development"
"801","ENSMUSG00000039218",-0.734205692314731,8.01043213979633,1.56022150236589e-11,"Srrm2","serine/arginine repetitive matrix 2","75956","GO:0005634","nucleus"
"799","ENSMUSG00000039168",0.520923117424346,3.79612068193319,0.000181472745450789,"Dap","death-associated protein","223453","GO:0005575","cellular_component"
"798","ENSMUSG00000039126",-0.642378187975819,7.86525444540172,3.63477530304321e-05,"Prune2","prune homolog 2","353211","GO:0005737","cytoplasm"
"795","ENSMUSG00000039065",-0.590262264301058,3.55553288503784,3.72698164612283e-05,"Fam173b","family with sequence similarity 173, member B","68073","GO:0003674","molecular_function"
"794","ENSMUSG00000038916",-0.537549921366362,5.73835937422766,4.3979396284905e-06,"Soga3","SOGA family member 3","67412","GO:0003674","molecular_function"
"788","ENSMUSG00000038665",-0.848045461414677,3.92599607401479,1.08099472479715e-07,"Dgki","diacylglycerol kinase, iota","320127","GO:0004143","diacylglycerol kinase activity"
"787","ENSMUSG00000038664",-0.591743380128813,6.90781049300953,6.17022467098521e-07,"Herc1","HECT and RLD domain containing E3 ubiquitin protein ligase family member 1","235439","GO:0003674","molecular_function"
"786","ENSMUSG00000038658",-0.633740642274117,4.68399131903537,0.000233992621608503,"Ric1","RAB6A GEF complex partner 1","226089","GO:0000139","Golgi membrane"
"785","ENSMUSG00000038630",-0.864579537969331,3.8133994235614,0.00320101260052858,"Zkscan16","zinc finger with KRAB and SCAN domains 16","100041581","GO:0003700","transcription factor activity, sequence-specific DNA binding"
"782","ENSMUSG00000038539",0.687662210182879,4.52050054627905,9.68969375785246e-07,"Atf5","activating transcription factor 5","107503","GO:0000977","RNA polymerase II regulatory region sequence-specific DNA binding"
"772","ENSMUSG00000038347",0.772711667526896,1.26315400963428,0.0045538940743235,"Tcte2","t-complex-associated testis expressed 2","21646","GO:0003674","molecular_function"
"769","ENSMUSG00000038174",-0.670750944366074,5.78543413858653,0.000958719926687083,"Fam126b","family with sequence similarity 126, member B","213056","GO:0003674","molecular_function"
"767","ENSMUSG00000038143",-0.520619710752279,6.81438618964918,0.000114126605720428,"Stox2","storkhead box 2","71069","GO:0003674","molecular_function"
"766","ENSMUSG00000038122",-0.702834316468002,3.26171319122273,2.26769271465767e-05,"Tbc1d32","TBC1 domain family, member 32","544696","GO:0002088","lens development in camera-type eye"
"760","ENSMUSG00000037996",-0.832267855613384,8.66659583295669,2.71479368224823e-07,"Slc24a2","solute carrier family 24 (sodium/potassium/calcium exchanger), member 2","76376","GO:0005262","calcium channel activity"
"756","ENSMUSG00000037933",-0.696657902842332,6.64266366449435,6.20140158441292e-08,"Bicd2","bicaudal D homolog 2 (Drosophila)","76895","GO:0000042","protein targeting to Golgi"
"754","ENSMUSG00000037896",-0.518756902685368,4.45838463227525,0.00055821527168171,"Rcor1","REST corepressor 1","217864","GO:0000122","negative regulation of transcription from RNA polymerase II promoter"
"752","ENSMUSG00000037818",-0.580206962982374,3.09784310890679,0.00100415225703634,"Abhd18","abhydrolase domain containing 18","269423","GO:0003674","molecular_function"
"749","ENSMUSG00000037674",-0.652263066581828,4.29885479142729,0.000143411631934104,"Rfx7","regulatory factor X, 7","319758","GO:0000978","RNA polymerase II core promoter proximal region sequence-specific DNA binding"
"747","ENSMUSG00000037646",-0.74925982588649,5.5380654105982,3.85639032698382e-07,"Vps13b","vacuolar protein sorting 13B","666173","GO:0003674","molecular_function"
"746","ENSMUSG00000037605",-0.507854372440486,5.81189040643935,0.00134903356862101,"Adgrl3","adhesion G protein-coupled receptor L3","319387","GO:0001764","neuron migration"
"745","ENSMUSG00000037563",0.509797477806638,6.30937787559345,3.0762065380834e-05,"Rps16","ribosomal protein S16","20055","GO:0000462","maturation of SSU-rRNA from tricistronic rRNA transcript (SSU-rRNA, 5.8S rRNA, LSU-rRNA)"
"744","ENSMUSG00000037533",-0.621126531201167,5.31346143596866,1.93924424368912e-05,"Rapgef6","Rap guanine nucleotide exchange factor (GEF) 6","192786","GO:0005085","guanyl-nucleotide exchange factor activity"
"741","ENSMUSG00000037428",0.52264909801119,7.39368493682347,0.000105335760718617,"Vgf","VGF nerve growth factor inducible","381677","GO:0001541","ovarian follicle development"
"740","ENSMUSG00000037416",-1.04300988250118,5.70088778562715,1.31060848991987e-05,"Dmxl1","Dmx-like 1","240283","GO:0003674","molecular_function"
"738","ENSMUSG00000037400",-0.875943559637178,5.61713170750006,1.54378644949973e-05,"Atp11b","ATPase, class VI, type 11B","76295","GO:0004012","phospholipid-translocating ATPase activity"
"734","ENSMUSG00000037341",-1.12318356729295,4.41084584990462,0.000188767846987948,"Slc9a7","solute carrier family 9 (sodium/hydrogen exchanger), member 7","236727","GO:0005768","endosome"
"733","ENSMUSG00000037270",-0.93330195168164,6.53772230273404,2.08417385581746e-07,"4932438A13Rik","RIKEN cDNA 4932438A13 gene","229227","GO:0001558","regulation of cell growth"
"729","ENSMUSG00000037111",-0.657649199644462,7.58928086186116,2.16759080027687e-05,"Setd7","SET domain containing (lysine methyltransferase) 7","73251","GO:0002039","p53 binding"
"728","ENSMUSG00000037110",-0.648303829508879,4.59173233338966,2.71203668652786e-05,"Ralgapa2","Ral GTPase activating protein, alpha subunit 2 (catalytic)","241694","GO:0005096","GTPase activator activity"
"725","ENSMUSG00000036964",-0.985802175781376,1.42075215329181,6.28617744770843e-07,"Trim17","tripartite motif-containing 17","56631","GO:0004842","ubiquitin-protein transferase activity"
"720","ENSMUSG00000036863",-0.588188750471755,2.26327877578206,0.00133130338558526,"Syde2","synapse defective 1, Rho GTPase, homolog 2 (C. elegans)","214804","GO:0003674","molecular_function"
"718","ENSMUSG00000036800",-1.54944255430771,4.30827340382899,1.37891849551287e-05,"Fam135b","family with sequence similarity 135, member B","70363","GO:0005575","cellular_component"
"715","ENSMUSG00000036698",-0.661181177168434,6.11826236741943,1.90467411337993e-06,"Ago2","argonaute RISC catalytic subunit 2","239528","GO:0000340","RNA 7-methylguanosine cap binding"
"714","ENSMUSG00000036676",-0.678218130279403,3.40879489813584,0.00255895510678769,"Tmtc3","transmembrane and tetratricopeptide repeat containing 3","237500","GO:0003674","molecular_function"
"712","ENSMUSG00000036594",0.763228273567257,2.23410046832483,0.00248705341107341,"H2-Aa","histocompatibility 2, class II antigen A, alpha","14960","GO:0002376","immune system process"
"709","ENSMUSG00000036499",-0.791726683132928,5.59478557827113,0.000168934353058963,"Eea1","early endosome antigen 1","216238","GO:0005515","protein binding"
"707","ENSMUSG00000036391",-0.77938230635667,3.96789346480125,3.601755142203e-05,"Sec24a","Sec24 related gene family, member A (S. cerevisiae)","77371","GO:0003674","molecular_function"
"706","ENSMUSG00000036377",-0.596906896308323,6.44381323379708,6.25986957242851e-05,"C530008M17Rik","RIKEN cDNA C530008M17 gene","320827","GO:0003674","molecular_function"
"703","ENSMUSG00000036291",-0.757480645415,4.15046758426852,1.61815916070138e-05,"Ap5m1","adaptor-related protein complex 5, mu 1 subunit","74385","GO:0005737","cytoplasm"
"702","ENSMUSG00000036264",-0.743993916780809,2.59469440832779,0.000261762834152371,"Fstl4","follistatin-like 4","320027","GO:0005509","calcium ion binding"
"699","ENSMUSG00000036093",-0.5342532022352,6.35004980110473,9.78668223169737e-05,"Arl5a","ADP-ribosylation factor-like 5A","75423","GO:0000166","nucleotide binding"
"695","ENSMUSG00000035898",-0.685054847752632,4.62499988587297,0.000252344860687432,"Uba6","ubiquitin-like modifier activating enzyme 6","231380","GO:0000166","nucleotide binding"
"694","ENSMUSG00000035896",1.29437464649825,2.47018326656568,3.63272496433983e-05,"Rnase1","ribonuclease, RNase A family, 1 (pancreatic)","19752","GO:0003676","nucleic acid binding"
"691","ENSMUSG00000035831",0.657207107645914,2.07926067627983,0.000656596486123021,"Krt25","keratin 25","70810","GO:0005198","structural molecule activity"
"690","ENSMUSG00000035783",0.590315929629866,3.63704680883996,0.00168853293639943,"Acta2","actin, alpha 2, smooth muscle, aorta","11475","GO:0000166","nucleotide binding"
"689","ENSMUSG00000035674",0.56010568585137,6.28692519724198,2.00551365552632e-05,"Ndufa3","NADH dehydrogenase (ubiquinone) 1 alpha subcomplex, 3","66091","GO:0003674","molecular_function"
"686","ENSMUSG00000035614",-0.522562185085517,5.30583878356812,0.00264693494591288,"Fam179b","family with sequence similarity 179, member B","328108","GO:0003674","molecular_function"
"684","ENSMUSG00000035576",-1.27313447960662,1.72072074251035,1.99584268122243e-08,"L3mbtl1","l(3)mbt-like (Drosophila)","241764","GO:0000785","chromatin"
"683","ENSMUSG00000035566",-0.76831545409344,5.7435974171381,1.48052678616739e-05,"Pcdh17","protocadherin 17","219228","GO:0005887","integral component of plasma membrane"
"680","ENSMUSG00000035545",-1.12460743270854,5.94709668133682,5.80721013189937e-09,"Leng8","leukocyte receptor cluster (LRC) member 8","232798","GO:0005575","cellular_component"
"677","ENSMUSG00000035284",-0.921596700007681,6.07290530086213,8.91074269400389e-09,"Vps13c","vacuolar protein sorting 13C","320528","GO:0003674","molecular_function"
"676","ENSMUSG00000035247",-0.515121818209534,6.65618308681989,0.000133359388798694,"Hectd1","HECT domain containing 1","207304","GO:0001779","natural killer cell differentiation"
"668","ENSMUSG00000035024",-0.75266818435819,4.23253844415172,2.09332785038071e-06,"Ncapd3","non-SMC condensin II complex, subunit D3","78658","GO:0000777","condensed chromosome kinetochore"
"667","ENSMUSG00000034997",-0.870302623325813,3.09005001795554,0.00251492440011074,"Htr2a","5-hydroxytryptamine (serotonin) receptor 2A","15558","GO:0001659","temperature homeostasis"
"661","ENSMUSG00000034818",-0.710789157456578,3.71741707301088,1.02508005780592e-09,"Celf5","CUGBP, Elav-like family member 5","319586","GO:0003674","molecular_function"
"659","ENSMUSG00000034799",-0.562591501665867,6.66880017834837,3.19563033174059e-06,"Unc13a","unc-13 homolog A (C. elegans)","382018","GO:0000149","SNARE binding"
"655","ENSMUSG00000034765",0.509936277346259,1.76342208046815,0.00142943415310605,"Dusp5","dual specificity phosphatase 5","240672","GO:0001706","endoderm formation"
"654","ENSMUSG00000034755",-0.735897966738304,3.82065544620463,0.00105271021754966,"Pcdh11x","protocadherin 11 X-linked","245578","GO:0005515","protein binding"
"653","ENSMUSG00000034751",-0.59662461994325,6.32361301606657,2.46245951517599e-05,"Mast4","microtubule associated serine/threonine kinase family member 4","328329","GO:0000166","nucleotide binding"
"651","ENSMUSG00000034687",-0.848689055299706,2.40593625851737,4.49363799430817e-07,"Fras1","Fraser extracellular matrix complex subunit 1","231470","GO:0002009","morphogenesis of an epithelium"
"650","ENSMUSG00000034653",-0.734363352476569,4.23338136171536,0.000122822279759233,"Ythdc2","YTH domain containing 2","240255","GO:0000166","nucleotide binding"
"646","ENSMUSG00000034574",-0.522594148868094,6.3682756120663,7.64825650986141e-05,"Daam1","dishevelled associated activator of morphogenesis 1","208846","GO:0001725","stress fiber"
"645","ENSMUSG00000034560",-0.604582556519825,5.60053656572553,0.00121235248697971,"Washc4","WASH complex subunit 4","319277","GO:0003674","molecular_function"
"644","ENSMUSG00000034525",-0.538902265116699,6.12824997354025,0.000126946681314462,"Ice1","interactor of little elongation complex ELL subunit 1","218333","GO:0003674","molecular_function"
"640","ENSMUSG00000034390",-0.539058118803395,6.62968922544694,2.27229416864534e-05,"Cmip","c-Maf inducing protein","74440","GO:0003674","molecular_function"
"639","ENSMUSG00000034377",-0.640300764585849,7.150168108395,5.2205292800775e-06,"Tulp4","tubby like protein 4","68842","GO:0005737","cytoplasm"
"634","ENSMUSG00000034235",-0.641761708669149,7.07174528455248,2.58861118105399e-06,"Usp54","ubiquitin specific peptidase 54","78787","GO:0003674","molecular_function"
"631","ENSMUSG00000034160",-0.762520707059546,7.31370222643025,2.32681629608122e-06,"Ogt","O-linked N-acetylglucosamine (GlcNAc) transferase (UDP-N-acetylglucosamine:polypeptide-N-acetylglucosaminyl transferase)","108155","GO:0000123","histone acetyltransferase complex"
"630","ENSMUSG00000034071",-0.613133914950867,1.69019109473484,0.010667522113477,"Zfp551","zinc fingr protein 551","619331","GO:0003676","nucleic acid binding"
"629","ENSMUSG00000034063",-0.658555545252844,0.96289392997492,0.0053447462281458,"4930590J08Rik","RIKEN cDNA 4930590J08 gene","381798","GO:0003674","molecular_function"
"628","ENSMUSG00000034009",-1.16532322654736,0.786734748707021,8.6371575320626e-08,"Rxfp1","relaxin/insulin-like family peptide receptor 1","381489","GO:0004871","signal transducer activity"
"627","ENSMUSG00000033981",-1.04338411368991,6.78118707795839,1.18179167969213e-07,"Gria2","glutamate receptor, ionotropic, AMPA2 (alpha 2)","14800","GO:0001919","regulation of receptor recycling"
"623","ENSMUSG00000033871",-0.740531576491352,2.29203404042251,0.000668919140964377,"Ppargc1b","peroxisome proliferative activated receptor, gamma, coactivator 1 beta","170826","GO:0001104","RNA polymerase II transcription cofactor activity"
"614","ENSMUSG00000033671",-0.830558887811456,5.61148323324461,1.98663015370653e-06,"Cep350","centrosomal protein 350","74081","GO:0003674","molecular_function"
"613","ENSMUSG00000033624",-0.646204175994011,4.87909627425329,0.00220605896661762,"Pdpr","pyruvate dehydrogenase phosphatase regulatory subunit","319518","GO:0004741","[pyruvate dehydrogenase (lipoamide)] phosphatase activity"
"606","ENSMUSG00000033253",-0.54164023335118,4.88949309995505,2.03785922560299e-05,"Szt2","seizure threshold 2","230676","GO:0005777","peroxisome"
"601","ENSMUSG00000033004",-0.846970918052258,8.12728750054866,8.80924005308377e-09,"Mycbp2","MYC binding protein 2","105689","GO:0005515","protein binding"
"600","ENSMUSG00000032855",-0.568662120082475,6.40746217598962,1.77677642936969e-05,"Pkd1","polycystic kidney disease 1 homolog","18763","GO:0001502","cartilage condensation"
"598","ENSMUSG00000032846",-0.580484768035665,4.53395421299818,0.000430137568156542,"Zswim6","zinc finger SWIM-type containing 6","67263","GO:0003674","molecular_function"
"596","ENSMUSG00000032826",-0.526215129879304,9.00885077411312,3.10561831273065e-05,"Ank2","ankyrin 2, brain","109676","GO:0002027","regulation of heart rate"
"592","ENSMUSG00000032625",-0.80886605904176,5.65969099879601,7.64146476474324e-05,"Thsd7a","thrombospondin, type I, domain containing 7A","330267","GO:0001525","angiogenesis"
"591","ENSMUSG00000032589",-0.722004707682355,6.46676277892844,2.7881764681732e-09,"Bsn","bassoon","12217","GO:0001222","transcription corepressor binding"
"573","ENSMUSG00000031948",0.538936302524841,6.6413104946747,4.2061200429738e-06,"Kars","lysyl-tRNA synthetase","85305","GO:0000049","tRNA binding"
"571","ENSMUSG00000031870",-0.625507603623415,4.31003452665464,9.2087212017804e-07,"Pgr","progesterone receptor","18667","GO:0000978","RNA polymerase II core promoter proximal region sequence-specific DNA binding"
"570","ENSMUSG00000031822",-0.59518877215253,4.59597095917586,0.000397612465094942,"Gse1","genetic suppressor element 1, coiled-coil protein","382034","GO:0003674","molecular_function"
"566","ENSMUSG00000031732",-0.524987585045332,5.48691386152225,5.8763416532698e-06,"Phlpp2","PH domain and leucine rich repeat protein phosphatase 2","244650","GO:0001917","photoreceptor inner segment"
"565","ENSMUSG00000031644",-0.830627793765569,4.86752936459954,2.10915724888961e-05,"Nek1","NIMA (never in mitosis gene a)-related expressed kinase 1","18004","GO:0000166","nucleotide binding"
"563","ENSMUSG00000031592",-0.753738279369778,6.66206522005204,3.09765417827141e-06,"Pcm1","pericentriolar material 1","18536","GO:0000242","pericentriolar material"
"559","ENSMUSG00000031529",-0.785246305887164,7.06880271159875,2.40892026246807e-06,"Tnks","tankyrase, TRF1-interacting ankyrin-related ADP-ribose polymerase","21951","GO:0000209","protein polyubiquitination"
"554","ENSMUSG00000031393",-0.52592725854807,6.51424900274964,6.66303070254301e-05,"Mecp2","methyl CpG binding protein 2","17257","GO:0000122","negative regulation of transcription from RNA polymerase II promoter"
"550","ENSMUSG00000031376",-0.570392756321558,6.41403693179007,1.96453622053161e-05,"Atp2b3","ATPase, Ca++ transporting, plasma membrane 3","320707","GO:0005388","calcium-transporting ATPase activity"
"545","ENSMUSG00000031320",0.506698921360949,7.64258637092222,1.12244638595999e-05,"Rps4x","ribosomal protein S4, X-linked","20102","GO:0003723","RNA binding"
"544","ENSMUSG00000031314",-0.561239919916802,6.1477849968401,1.78754596052603e-05,"Taf1","TATA-box binding protein associated factor 1","270627","GO:0000166","nucleotide binding"
"541","ENSMUSG00000031292",-0.701316919072871,5.1304487150044,2.33066513815704e-05,"Cdkl5","cyclin-dependent kinase-like 5","382253","GO:0000166","nucleotide binding"
"538","ENSMUSG00000031256",-0.671016128715463,6.16129766637717,8.59418490349361e-07,"Cstf2","cleavage stimulation factor, 3' pre-RNA subunit 2","108062","GO:0003676","nucleic acid binding"
"533","ENSMUSG00000031202",-0.520024121401934,4.99393644619625,0.000400263403748506,"Rab39b","RAB39B, member RAS oncogene family","67790","GO:0000166","nucleotide binding"
"531","ENSMUSG00000031196",-0.677867207184398,1.38169333475063,0.000333148354775087,"F8","coagulation factor VIII","14069","GO:0004252","serine-type endopeptidase activity"
"530","ENSMUSG00000031189",-1.15403709549206,3.53970427895036,0.000109001728496053,"Aff2","AF4/FMR2 family, member 2","14266","GO:0002151","G-quadruplex RNA binding"
"529","ENSMUSG00000031010",-0.802964196313035,7.21038851931215,0.000474933754979251,"Usp9x","ubiquitin specific peptidase 9, X chromosome","22284","GO:0001701","in utero embryonic development"
"521","ENSMUSG00000030757",-0.509740342564848,3.94822778129621,0.00402306279905568,"Zkscan2","zinc finger with KRAB and SCAN domains 2","210162","GO:0000981","RNA polymerase II transcription factor activity, sequence-specific DNA binding"
"520","ENSMUSG00000030729",-0.518135393689726,6.6829946120883,0.000352110853964954,"Pgm2l1","phosphoglucomutase 2-like 1","70974","GO:0005829","cytosol"
"517","ENSMUSG00000030657",-0.533267842622746,4.80815063004895,0.000561748882470596,"Xylt1","xylosyltransferase 1","233781","GO:0000139","Golgi membrane"
"515","ENSMUSG00000030605",0.590732342695181,5.43452598742118,9.311091256485e-06,"Mfge8","milk fat globule-EGF factor 8 protein","17304","GO:0001525","angiogenesis"
"513","ENSMUSG00000030525",-0.527382853297757,3.12002243991636,0.028169740268333,"Chrna7","cholinergic receptor, nicotinic, alpha polypeptide 7","11441","GO:0000187","activation of MAPK activity"
"511","ENSMUSG00000030465",-0.579187098972071,6.84720547649748,6.14956856789839e-05,"Psd3","pleckstrin and Sec7 domain containing 3","234353","GO:0005085","guanyl-nucleotide exchange factor activity"
"510","ENSMUSG00000030451",-0.554022236878455,7.51272637766803,3.32651205320773e-06,"Herc2","HECT and RLD domain containing E3 ubiquitin protein ligase 2","15204","GO:0004842","ubiquitin-protein transferase activity"
"509","ENSMUSG00000030432",0.627380320975586,6.7105734353566,4.2689552254667e-06,"Rpl28","ribosomal protein L28","19943","GO:0003723","RNA binding"
"506","ENSMUSG00000030322",-0.658967597467998,2.18726974883624,4.53396346577054e-05,"Mbd4","methyl-CpG binding domain protein 4","17193","GO:0000785","chromatin"
"505","ENSMUSG00000030313",-0.710402919099109,5.52206493425842,3.58960614800037e-05,"Dennd5b","DENN/MADD domain containing 5B","320560","GO:0005085","guanyl-nucleotide exchange factor activity"
"501","ENSMUSG00000030209",-0.945202033583817,4.88190953471782,2.5789098859641e-11,"Grin2b","glutamate receptor, ionotropic, NMDA2B (epsilon 2)","14812","GO:0001508","action potential"
"496","ENSMUSG00000030075",-0.634692471499417,3.84419773413258,0.00195794762273675,"Cntn3","contactin 3","18488","GO:0005886","plasma membrane"
"490","ENSMUSG00000029814",-0.624381823925856,1.08057848331254,0.00379889744985007,"Igf2bp3","insulin-like growth factor 2 mRNA binding protein 3","140488","GO:0003676","nucleic acid binding"
"488","ENSMUSG00000029765",-0.724774509617009,6.03244548355463,9.63606765752587e-08,"Plxna4","plexin A4","243743","GO:0005515","protein binding"
"487","ENSMUSG00000029762",0.505699753717076,1.06553720956652,0.0196006012555025,"Akr1b8","aldo-keto reductase family 1, member B8","14187","GO:0001758","retinal dehydrogenase activity"
"485","ENSMUSG00000029627",0.627293230528448,3.09397902516649,6.84648616372562e-06,"Zkscan14","zinc finger with KRAB and SCAN domains 14","67235","GO:0003676","nucleic acid binding"
"481","ENSMUSG00000029283",-0.721867190073601,3.35179145656587,0.000406058334344582,"Cdc7","cell division cycle 7 (S. cerevisiae)","12545","GO:0000166","nucleotide binding"
"480","ENSMUSG00000029245",-0.802581320180689,5.27747126833988,1.32146879991416e-06,"Epha5","Eph receptor A5","13839","GO:0000166","nucleotide binding"
"479","ENSMUSG00000029238",-0.656151234196548,6.21150925308092,0.000103609654557417,"Clock","circadian locomotor output cycles kaput","12753","GO:0000077","DNA damage checkpoint"
"478","ENSMUSG00000029212",-0.652741831951144,5.84505106595696,6.71412037158545e-07,"Gabrb1","gamma-aminobutyric acid (GABA) A receptor, subunit beta 1","14400","GO:0004890","GABA-A receptor activity"
"474","ENSMUSG00000029104",-0.537345908010701,6.70495712563127,5.56409741232333e-06,"Htt","huntingtin","15194","GO:0000050","urea cycle"
"467","ENSMUSG00000028851",0.614560291236667,7.50936939173429,4.9206209004179e-06,"Nudc","nudC nuclear distribution protein","18221","GO:0005515","protein binding"
"464","ENSMUSG00000028804",-0.923339564658949,4.53449520052008,2.24496493753751e-08,"Csmd2","CUB and Sushi multiple domains 2","329942","GO:0003674","molecular_function"
"462","ENSMUSG00000028673",0.503517340765025,5.94300383511823,1.18837870172072e-05,"Fuca1","fucosidase, alpha-L- 1, tissue","71665","GO:0004560","alpha-L-fucosidase activity"
"459","ENSMUSG00000028613",-0.645665551154574,5.30080185378775,1.66643110627635e-06,"Lrp8","low density lipoprotein receptor-related protein 8, apolipoprotein e receptor","16975","GO:0000122","negative regulation of transcription from RNA polymerase II promoter"
"454","ENSMUSG00000028572",-0.735355844832312,3.8671851608276,0.000213177871567968,"Hook1","hook microtubule tethering protein 1","77963","GO:0003779","actin binding"
"453","ENSMUSG00000028524",-0.618377625533816,5.93813657908289,3.98365049679295e-06,"Sgip1","SH3-domain GRB2-like (endophilin) interacting protein 1","73094","GO:0002021","response to dietary excess"
"451","ENSMUSG00000028470",0.87691919635545,3.91622124382364,1.17066775118943e-05,"Hint2","histidine triad nucleotide binding protein 2","68917","GO:0000166","nucleotide binding"
"449","ENSMUSG00000028438",-1.08756371089553,1.10531855152212,2.45743698564571e-05,"Kif24","kinesin family member 24","109242","GO:0000166","nucleotide binding"
"447","ENSMUSG00000028402",-0.598812641739936,5.5956539061066,7.64597517976806e-05,"Mpdz","multiple PDZ domain protein","17475","GO:0005515","protein binding"
"444","ENSMUSG00000028370",-0.848476663232113,2.97437074544316,0.000575407987013647,"Pappa","pregnancy-associated plasma protein A","18491","GO:0004175","endopeptidase activity"
"437","ENSMUSG00000028246",-0.914414835394996,5.17981099928321,9.13103746761913e-05,"Faxc","failed axon connections homolog","76132","GO:0003674","molecular_function"
"432","ENSMUSG00000028180",-0.694242729112512,6.63342485718454,1.99622112472493e-05,"Zranb2","zinc finger, RAN-binding domain containing 2","53861","GO:0003723","RNA binding"
"430","ENSMUSG00000028081",0.64104617455808,7.63306894600748,1.8740553934974e-05,"Rps3a1","ribosomal protein S3A1","20091","GO:0003729","mRNA binding"
"429","ENSMUSG00000028070",0.541538358080566,5.54233228031522,8.25655177701941e-06,"Apoa1bp","apolipoprotein A-I binding protein","246703","GO:0000166","nucleotide binding"
"424","ENSMUSG00000027981",-1.12155140255137,3.80774931108855,4.85843546196031e-07,"Rnpc3","RNA-binding region (RNP1, RRM) containing 3","67225","GO:0000398","mRNA splicing, via spliceosome"
"420","ENSMUSG00000027965",-0.629903656988379,4.53845581350284,0.00165664939100726,"Olfm3","olfactomedin 3","229759","GO:0005515","protein binding"
"419","ENSMUSG00000027959",-0.657637748120013,2.340458204448,0.00718388190624431,"Sass6","SAS-6 centriolar assembly protein","72776","GO:0003674","molecular_function"
"415","ENSMUSG00000027799",-0.616396307417018,6.98767603198001,3.71570071845889e-06,"Nbea","neurobeachin","26422","GO:0005802","trans-Golgi network"
"413","ENSMUSG00000027677",-0.98601921213276,5.51346190704844,2.69413161272898e-06,"Ttc14","tetratricopeptide repeat domain 14","67120","GO:0003676","nucleic acid binding"
"412","ENSMUSG00000027676",-0.982206954917023,2.51303922982235,1.17258367916135e-05,"Ccdc39","coiled-coil domain containing 39","51938","GO:0001947","heart looping"
"403","ENSMUSG00000027520",-0.613595364719875,4.56536353466554,8.64193135623716e-07,"Zdbf2","zinc finger, DBF-type containing 2","73884","GO:0003674","molecular_function"
"401","ENSMUSG00000027365",-0.557277979243433,5.44196429805295,0.00118023469261343,"Trpm7","transient receptor potential cation channel, subfamily M, member 7","58800","GO:0000166","nucleotide binding"
"398","ENSMUSG00000027312",-0.519852001332711,7.39844163608606,3.46763200977456e-05,"Atrn","attractin","11990","GO:0004872","receptor activity"
"396","ENSMUSG00000027015",-0.847215197042377,1.57733415366525,4.36391859221157e-05,"Cybrd1","cytochrome b reductase 1","73649","GO:0000293","ferric-chelate reductase activity"
"392","ENSMUSG00000026977",-0.593487436836427,4.99445835217468,0.00199170220293317,"March7","membrane-associated ring finger (C3HC4) 7","57438","GO:0002643","regulation of tolerance induction"
"390","ENSMUSG00000026956",0.64573345476864,4.32984648126991,1.96363309133136e-05,"Uap1l1","UDP-N-acteylglucosamine pyrophosphorylase 1-like 1","227620","GO:0003977","UDP-N-acetylglucosamine diphosphorylase activity"
"388","ENSMUSG00000026904",-0.669404028347692,5.88203638668025,0.000136078171052296,"Slc4a10","solute carrier family 4, sodium bicarbonate cotransporter-like, member 10","94229","GO:0005215","transporter activity"
"385","ENSMUSG00000026822",-1.65764590773523,1.04281734725899,0.025643204807813,"Lcn2","lipocalin 2","16819","GO:0002020","protease binding"
"383","ENSMUSG00000026726",-0.673980009216305,0.5980455371599,0.0116702098132602,"Cubn","cubilin (intrinsic factor-cobalamin receptor)","65969","GO:0001701","in utero embryonic development"
"382","ENSMUSG00000026721",-0.577396419580856,5.95365036149913,0.00126098965320819,"Rabgap1l","RAB GTPase activating protein 1-like","29809","GO:0005096","GTPase activator activity"
"380","ENSMUSG00000026640",-0.665129383784062,5.96093332914942,1.27895061004444e-07,"Plxna2","plexin A2","18845","GO:0001756","somitogenesis"
"376","ENSMUSG00000026463",-0.583786195002314,5.73891472692673,2.92395363180454e-05,"Atp2b4","ATPase, Ca++ transporting, plasma membrane 4","381290","GO:0000166","nucleotide binding"
"375","ENSMUSG00000026384",-0.684360764021063,5.71617096639471,0.000698360653751473,"Ptpn4","protein tyrosine phosphatase, non-receptor type 4","19258","GO:0004721","phosphoprotein phosphatase activity"
"372","ENSMUSG00000026208",0.656495170077176,1.67923297760798,0.0317407694845632,"Des","desmin","13346","GO:0005198","structural molecule activity"
"370","ENSMUSG00000026153",-0.550103785534726,4.61252159655344,0.00332029165189746,"Fam135a","family with sequence similarity 135, member A","68187","GO:0005575","cellular_component"
"369","ENSMUSG00000026141",-1.02397940271061,1.3703183600489,0.000569781009302238,"Col19a1","collagen, type XIX, alpha 1","12823","GO:0005576","extracellular region"
"368","ENSMUSG00000026131",-0.800530665671605,9.18072364604066,3.9178692546369e-09,"Dst","dystonin","13518","GO:0001725","stress fiber"
"364","ENSMUSG00000026028",-0.581952739559138,8.204590388879,5.53026512716319e-05,"Trak2","trafficking protein, kinesin binding 2","70827","GO:0005102","receptor binding"
"363","ENSMUSG00000026017",-0.60901767420043,3.01436744291712,0.000230247227891621,"Carf","calcium response factor","241066","GO:0000978","RNA polymerase II core promoter proximal region sequence-specific DNA binding"
"362","ENSMUSG00000026014",-0.734510570833045,4.93092726816197,5.79759438381726e-07,"Raph1","Ras association (RalGDS/AF-6) and pleckstrin homology domains 1","77300","GO:0005515","protein binding"
"358","ENSMUSG00000025815",-0.810733036126115,1.95866967237815,0.000240404637114167,"Dhtkd1","dehydrogenase E1 and transketolase domain containing 1","209692","GO:0002244","hematopoietic progenitor cell differentiation"
"357","ENSMUSG00000025794",0.574047820264532,7.6766135798535,3.56404493303521e-06,"Rpl14","ribosomal protein L14","67115","GO:0003723","RNA binding"
"355","ENSMUSG00000025757",-0.692702355487176,8.15247446741057,2.73258109791303e-07,"Hspa4l","heat shock protein 4 like","18415","GO:0000166","nucleotide binding"
"354","ENSMUSG00000025658",-0.633076174897347,3.9478038748163,0.000287590364224496,"Cnksr2","connector enhancer of kinase suppressor of Ras 2","245684","GO:0005737","cytoplasm"
"352","ENSMUSG00000025558",-0.781548480927232,6.81226704349933,4.59929773281264e-07,"Dock9","dedicator of cytokinesis 9","105445","GO:0005085","guanyl-nucleotide exchange factor activity"
"350","ENSMUSG00000025531",-0.647916230089732,4.85477636184191,0.00364778957973194,"Chm","choroidermia (RAB escort protein 1)","12662","GO:0001568","blood vessel development"
"349","ENSMUSG00000025529",-0.594235905740099,3.41867620047043,0.00764736617777939,"Zfp711","zinc finger protein 711","245595","GO:0005634","nucleus"
"344","ENSMUSG00000025326",-0.595430126184272,5.79533519367661,0.00133097187150193,"Ube3a","ubiquitin protein ligase E3A","22215","GO:0000502","proteasome complex"
"341","ENSMUSG00000025321",-0.694844358026324,6.6427681339635,0.00197467354998165,"Itgb8","integrin beta 8","320910","GO:0001573","ganglioside metabolic process"
"340","ENSMUSG00000025270",1.18093167904851,3.89661262214925,4.20717604790151e-06,"Alas2","aminolevulinic acid synthase 2, erythroid","11656","GO:0001666","response to hypoxia"
"339","ENSMUSG00000025262",-0.708215530653801,4.84566920767038,0.000398174263185591,"Fam120c","family with sequence similarity 120, member C","207375","GO:0003723","RNA binding"
"338","ENSMUSG00000025261",-0.678100966003579,8.07175578153412,1.33161389655804e-08,"Huwe1","HECT, UBA and WWE domain containing 1","59026","GO:0000209","protein polyubiquitination"
"337","ENSMUSG00000025255",-0.854877762802897,4.58318552363584,1.04688797698839e-05,"Zfhx4","zinc finger homeodomain 4","80892","GO:0003676","nucleic acid binding"
"334","ENSMUSG00000025204",0.572749691384319,7.44863147147035,8.60819675260892e-07,"Ndufb8","NADH dehydrogenase (ubiquinone) 1 beta subcomplex 8","67264","GO:0003674","molecular_function"
"333","ENSMUSG00000025199",-0.674523594317401,4.81844158038018,0.000115358218790819,"Chuk","conserved helix-loop-helix ubiquitous kinase","12675","GO:0000166","nucleotide binding"
"329","ENSMUSG00000025006",-0.779144983686721,6.06430015909046,5.78246804485775e-05,"Sorbs1","sorbin and SH3 domain containing 1","20411","GO:0001725","stress fiber"
"327","ENSMUSG00000024943",-0.693405707893852,4.47538227195795,5.65518946906137e-06,"Smc5","structural maintenance of chromosomes 5","226026","GO:0000166","nucleotide binding"
"326","ENSMUSG00000024887",-0.620167661668305,6.36915247642136,0.000718005475421582,"Asah2","N-acylsphingosine amidohydrolase 2","54447","GO:0005739","mitochondrion"
"311","ENSMUSG00000024421",-0.674420117578858,1.8402813321306,0.000240509224620823,"Lama3","laminin, alpha 3","16774","GO:0005102","receptor binding"
"309","ENSMUSG00000024357",0.611272939098902,4.26649691343275,6.886513104735e-07,"Sil1","endoplasmic reticulum chaperone SIL1 homolog (S. cerevisiae)","81500","GO:0005615","extracellular space"
"306","ENSMUSG00000024327",1.08194170391438,2.02211072394596,3.01739514582011e-11,"Slc39a7","solute carrier family 39 (zinc transporter), member 7","14977","GO:0005385","zinc ion transmembrane transporter activity"
"303","ENSMUSG00000024276",-0.64595633856066,5.07949618752817,0.000354453488459187,"Zfp397","zinc finger protein 397","69256","GO:0005730","nucleolus"
"300","ENSMUSG00000024109",-0.587702960607565,6.7079293575055,0.000725202803521071,"Nrxn1","neurexin I","18189","GO:0004888","transmembrane signaling receptor activity"
"297","ENSMUSG00000024073",-0.837630457472821,6.39706728997046,4.40859954623939e-08,"Birc6","baculoviral IAP repeat-containing 6","12211","GO:0000922","spindle pole"
"296","ENSMUSG00000024033",0.642910361377687,2.05604111534302,0.00023614812767102,"Rsph1","radial spoke head 1 homolog (Chlamydomonas)","22092","GO:0000794","condensed nuclear chromosome"
"295","ENSMUSG00000024018",-0.618151231146508,2.07942806824459,0.000269761380348256,"Ccdc167","coiled-coil domain containing 167","68597","GO:0003674","molecular_function"
"291","ENSMUSG00000023947",0.55866025661394,2.41377746750799,2.43508528969899e-05,"Nfkbie","nuclear factor of kappa light polypeptide gene enhancer in B cells inhibitor, epsilon","18037","GO:0001650","fibrillar center"
"290","ENSMUSG00000023873",-1.19218089716418,0.882020780281231,1.80272828343774e-07,"1700010I14Rik","RIKEN cDNA 1700010I14 gene","66931","GO:0003674","molecular_function"
"279","ENSMUSG00000023033",-0.650600646728609,8.10648903496621,5.72868870754408e-08,"Scn8a","sodium channel, voltage-gated, type VIII, alpha","20273","GO:0000166","nucleotide binding"
"270","ENSMUSG00000022829",-1.31032597354918,4.21402828862278,9.8813342651386e-05,"Stxbp5l","syntaxin binding protein 5-like","207227","GO:0005096","GTPase activator activity"
"266","ENSMUSG00000022772",-0.602818380990682,5.41101594642174,0.00086302752713055,"Senp5","SUMO/sentrin specific peptidase 5","320213","GO:0004175","endopeptidase activity"
"262","ENSMUSG00000022672",-0.588846007688027,4.42363853985265,5.50538808539943e-06,"Prkdc","protein kinase, DNA activated, catalytic polypeptide","19090","GO:0000166","nucleotide binding"
"258","ENSMUSG00000022533",-0.68812120186619,5.42898284736848,0.000901948013287508,"Atp13a3","ATPase type 13A3","224088","GO:0000166","nucleotide binding"
"256","ENSMUSG00000022452",0.53853825439987,6.899815126191,6.31380385027471e-06,"Smdt1","single-pass membrane protein with aspartate rich tail 1","69029","GO:0003674","molecular_function"
"252","ENSMUSG00000022360",-0.681647683909099,2.57154800209305,0.000817661873167318,"Atad2","ATPase family, AAA domain containing 2","70472","GO:0000166","nucleotide binding"
"248","ENSMUSG00000022197",-0.581412661645918,4.91202452517615,5.22880189414404e-05,"Pdzd2","PDZ domain containing 2","68070","GO:0005576","extracellular region"
"241","ENSMUSG00000022016",-0.508989064397554,7.60056472584007,0.000767642626043749,"Akap11","A kinase (PRKA) anchor protein 11","219181","GO:0005730","nucleolus"
"238","ENSMUSG00000021972",-0.580265727506631,6.06344240516686,5.90059695856738e-06,"Hmbox1","homeobox containing 1","219150","GO:0000784","nuclear chromosome, telomeric region"
"236","ENSMUSG00000021947",0.583672787191369,3.15418353139814,0.000409572073765494,"Cryl1","crystallin, lambda 1","68631","GO:0003857","3-hydroxyacyl-CoA dehydrogenase activity"
"235","ENSMUSG00000021767",-0.595174491542063,4.5396993126592,0.000148804109500895,"Kat6b","K(lysine) acetyltransferase 6B","54169","GO:0000786","nucleosome"
"226","ENSMUSG00000021699",-0.634754367470605,5.06788326220887,0.00146741904263451,"Pde4d","phosphodiesterase 4D, cAMP specific","238871","GO:0002027","regulation of heart rate"
"221","ENSMUSG00000021448",-0.619810110760322,4.19386427391915,0.00807999576278451,"Shc3","src homology 2 domain-containing transforming protein C3","20418","GO:0001784","phosphotyrosine binding"
"220","ENSMUSG00000021431",-0.663091081444623,4.48152041497188,0.00163031716084917,"Snrnp48","small nuclear ribonucleoprotein 48 (U11/U12)","67797","GO:0003674","molecular_function"
"217","ENSMUSG00000021313",-0.979547385398706,6.74168172140389,3.5155106015148e-12,"Ryr2","ryanodine receptor 2, cardiac","20191","GO:0001666","response to hypoxia"
"216","ENSMUSG00000021311",-0.649416176593415,3.83197463031534,4.12093919403572e-05,"Mtr","5-methyltetrahydrofolate-homocysteine methyltransferase","238505","GO:0005542","folic acid binding"
"215","ENSMUSG00000021301",-0.653657924945315,5.99524777270953,0.000240204001521236,"Hecw1","HECT, C2 and WW domain containing E3 ubiquitin protein ligase 1","94253","GO:0004842","ubiquitin-protein transferase activity"
"213","ENSMUSG00000021244",-0.554886049904071,5.98454418368544,6.50146028725103e-07,"Ylpm1","YLP motif containing 1","56531","GO:0000122","negative regulation of transcription from RNA polymerase II promoter"
"212","ENSMUSG00000021198",-0.60311788641207,4.92566285221151,1.88922153202609e-06,"Unc79","unc-79 homolog (C. elegans)","217843","GO:0005515","protein binding"
"210","ENSMUSG00000021188",-0.615490592665074,5.88852403739554,4.91564994656097e-05,"Trip11","thyroid hormone receptor interactor 11","109181","GO:0002079","inner acrosomal membrane"
"209","ENSMUSG00000021178",0.537531319514443,7.53191288672352,1.15264319529366e-06,"Psmc1","protease (prosome, macropain) 26S subunit, ATPase 1","19179","GO:0000166","nucleotide binding"
"205","ENSMUSG00000021068",-0.635721788395461,4.1808322277097,0.000103342190457542,"Nin","ninein","18080","GO:0000166","nucleotide binding"
"203","ENSMUSG00000021027",-0.662588762470241,6.78670527467252,2.55134588687076e-06,"Ralgapa1","Ral GTPase activating protein, alpha subunit 1","56784","GO:0005096","GTPase activator activity"
"200","ENSMUSG00000020948",-0.651686375900309,4.60121863989614,0.0011111550517481,"Klhl28","kelch-like 28","66689","GO:0004842","ubiquitin-protein transferase activity"
"195","ENSMUSG00000020799",0.67019454517765,0.786725338042951,0.00218536816697497,"Tekt1","tektin 1","21689","GO:0005634","nucleus"
"194","ENSMUSG00000020766",0.682877411137179,3.07422308917243,0.000122764440108786,"Galk1","galactokinase 1","14635","GO:0000166","nucleotide binding"
"190","ENSMUSG00000020640",-0.646023050631784,6.02581289164925,2.16643655919468e-06,"Itsn2","intersectin 2","20403","GO:0005089","Rho guanyl-nucleotide exchange factor activity"
"188","ENSMUSG00000020620",-0.606205932110548,3.63431200073871,0.000444056078498403,"Abca8b","ATP-binding cassette, sub-family A (ABC1), member 8b","27404","GO:0000166","nucleotide binding"
"187","ENSMUSG00000020580",-0.743923296613447,6.61913061946609,3.2335035462969e-06,"Rock2","Rho-associated coiled-coil containing protein kinase 2","19878","GO:0000166","nucleotide binding"
"186","ENSMUSG00000020546",-0.584435198124589,3.88028438129368,2.74760278716503e-05,"Stxbp4","syntaxin binding protein 4","20913","GO:0005515","protein binding"
"184","ENSMUSG00000020475",-0.655415631669488,1.73970194342426,0.000668918307957593,"Pgam2","phosphoglycerate mutase 2","56012","GO:0003824","catalytic activity"
"181","ENSMUSG00000020431",-0.631678225531017,7.63919442099558,3.97883170920214e-06,"Adcy1","adenylate cyclase 1","432530","GO:0000166","nucleotide binding"
"176","ENSMUSG00000020300",-0.607713871495031,5.57368428871925,0.0112107286403718,"Cpeb4","cytoplasmic polyadenylation element binding protein 4","67579","GO:0000900","translation repressor activity, nucleic acid binding"
"173","ENSMUSG00000020220",-0.6007919693592,6.43662044627473,1.84948803752924e-07,"Vps13d","vacuolar protein sorting 13D","230895","GO:0003674","molecular_function"
"172","ENSMUSG00000020189",-0.575745710900301,5.45322737114486,0.00290794558933395,"Osbpl8","oxysterol binding protein-like 8","237542","GO:0001786","phosphatidylserine binding"
"168","ENSMUSG00000020022",0.649105850245358,5.54324903564916,1.34765916759883e-06,"Ndufa12","NADH dehydrogenase (ubiquinone) 1 alpha subcomplex, 12","66414","GO:0003674","molecular_function"
"167","ENSMUSG00000020014",-0.723119491420719,2.3597895403131,2.08753099729408e-06,"Cfap54","cilia and flagella associated protein 54","380654","GO:0003674","molecular_function"
"166","ENSMUSG00000019996",-0.528233671642248,6.55437386644594,0.000163471361862514,"Map7","microtubule-associated protein 7","17761","GO:0000226","microtubule cytoskeleton organization"
"165","ENSMUSG00000019971",-0.798898668157882,4.31906584604895,9.18018325950694e-08,"Cep290","centrosomal protein 290","216274","GO:0000930","gamma-tubulin complex"
"163","ENSMUSG00000019966",-0.692451356430469,4.56865547720368,5.0297825895781e-05,"Kitl","kit ligand","17311","GO:0001541","ovarian follicle development"
"161","ENSMUSG00000019907",-0.545315424022964,5.73392314307241,0.000180798733588041,"Ppp1r12a","protein phosphatase 1, regulatory (inhibitor) subunit 12A","17931","GO:0000776","kinetochore"
"160","ENSMUSG00000019906",-0.825073422190588,3.1010482127141,9.673411465598e-07,"Lin7a","lin-7 homolog A (C. elegans)","108030","GO:0005515","protein binding"
"156","ENSMUSG00000019853",0.528577698242221,4.92165953132248,0.000370596496614645,"Hebp2","heme binding protein 2","56016","GO:0003674","molecular_function"
"155","ENSMUSG00000019852",-0.821319771807915,6.00743333942598,3.96450521917303e-05,"Arfgef3","ARFGEF family member 3","215821","GO:0005085","guanyl-nucleotide exchange factor activity"
"152","ENSMUSG00000019820",-0.585323125370219,6.53647819483863,0.000450255514357564,"Utrn","utrophin","22288","GO:0001954","positive regulation of cell-matrix adhesion"
"151","ENSMUSG00000019817",-0.978566754006294,3.87536905145727,9.38013921779988e-07,"Plagl1","pleiomorphic adenoma gene-like 1","22634","GO:0000977","RNA polymerase II regulatory region sequence-specific DNA binding"
"150","ENSMUSG00000019791",-0.668227358842124,3.74358759454323,0.000156162652859742,"Hint3","histidine triad nucleotide binding protein 3","66847","GO:0000166","nucleotide binding"
"149","ENSMUSG00000019775",-0.559038329298571,6.30558775769765,0.00013602961628314,"Rgs17","regulator of G-protein signaling 17","56533","GO:0005096","GTPase activator activity"
"147","ENSMUSG00000019726",-0.674234052733154,5.60527898551048,2.72479551172326e-06,"Lyst","lysosomal trafficking regulator","17101","GO:0002446","neutrophil mediated immunity"
"143","ENSMUSG00000019158",0.543678864014745,5.09440360629231,0.000538367899539145,"Tmem160","transmembrane protein 160","69094","GO:0003674","molecular_function"
"141","ENSMUSG00000019054",0.505004323116376,7.37299724008097,2.12124564102322e-05,"Fis1","fission, mitochondrial 1","66437","GO:0000266","mitochondrial fission"
"137","ENSMUSG00000018672",0.548096787984614,2.39267650694705,0.00164297368440356,"Copz2","coatomer protein complex, subunit zeta 2","56358","GO:0003674","molecular_function"
"134","ENSMUSG00000018395",-0.646715765286184,6.61259525541607,1.44104467852086e-05,"Kif3a","kinesin family member 3A","16568","GO:0000166","nucleotide binding"
"127","ENSMUSG00000017754",0.744693672952044,6.01606134820295,5.35307331433653e-09,"Pltp","phospholipid transfer protein","18830","GO:0005576","extracellular region"
"123","ENSMUSG00000017412",-0.834603839219733,6.39739104508087,7.89841334374219e-06,"Cacnb4","calcium channel, voltage-dependent, beta 4 subunit","12298","GO:0005244","voltage-gated ion channel activity"
"121","ENSMUSG00000017291",-0.502572513053582,6.40350413476946,0.00106283651860596,"Taok1","TAO kinase 1","216965","GO:0000166","nucleotide binding"
"120","ENSMUSG00000017009",0.571835477177966,6.34702631695097,1.94346180063334e-06,"Sdc4","syndecan 4","20971","GO:0001843","neural tube closure"
"119","ENSMUSG00000016493",-1.26439215314943,1.30718770987025,1.96555745564643e-07,"Cd46","CD46 antigen, complement regulatory protein","17221","GO:0001669","acrosomal vesicle"
"118","ENSMUSG00000016256",0.716750416662462,5.69720288068904,6.26753977880356e-07,"Ctsz","cathepsin Z","64138","GO:0004180","carboxypeptidase activity"
"116","ENSMUSG00000016150",-1.35298627345042,4.10623659389242,2.32540906816404e-07,"Tenm1","teneurin transmembrane protein 1","23963","GO:0005576","extracellular region"
"114","ENSMUSG00000015968",-0.72431343943386,4.20110215543978,8.5505450869513e-06,"Cacna1d","calcium channel, voltage-dependent, L type, alpha 1D subunit","12289","GO:0005216","ion channel activity"
"110","ENSMUSG00000015467",0.876536681800058,0.826959704962506,8.73908090062316e-06,"Egfl8","EGF-like domain 8","81701","GO:0005509","calcium ion binding"
"105","ENSMUSG00000014498",-0.71003896767053,6.06546777478228,3.12234615707827e-08,"Ankrd52","ankyrin repeat domain 52","237615","GO:0003674","molecular_function"
"98","ENSMUSG00000010505",-0.51806944256621,2.65625509236152,0.0017749825846191,"Myt1","myelin transcription factor 1","17932","GO:0000977","RNA polymerase II regulatory region sequence-specific DNA binding"
"94","ENSMUSG00000009470",-0.550506180516714,6.11140723337757,0.000164829048851445,"Tnpo1","transportin 1","238799","GO:0000060","protein import into nucleus, translocation"
"93","ENSMUSG00000009418",-0.643707178538815,5.58554280798425,1.12510200113928e-09,"Nav1","neuron navigator 1","215690","GO:0001578","microtubule bundle formation"
"92","ENSMUSG00000009207",-0.584349416733223,4.80264995468583,0.00130695176348094,"Lnpk","lunapark, ER junction formation factor","69605","GO:0003674","molecular_function"
"90","ENSMUSG00000008845",-0.53230959813854,1.60897450234233,0.0109657083619039,"Cd163","CD163 antigen","93671","GO:0005044","scavenger receptor activity"
"88","ENSMUSG00000008384",0.741319193935903,2.55250076835886,2.55696865622068e-06,"Sertad1","SERTA domain containing 1","55942","GO:0005515","protein binding"
"85","ENSMUSG00000007827",-0.839471648729838,4.45921116420118,2.53272994915188e-05,"Ankrd26","ankyrin repeat domain 26","232339","GO:0005515","protein binding"
"84","ENSMUSG00000007721",0.550338440592519,6.24954542034635,2.2107392986672e-05,"Ccdc124","coiled-coil domain containing 124","234388","GO:0003723","RNA binding"
"82","ENSMUSG00000007653",-1.32172609045203,4.53357922532759,0.000291188969729859,"Gabrb2","gamma-aminobutyric acid (GABA) A receptor, subunit beta 2","14401","GO:0004890","GABA-A receptor activity"
"80","ENSMUSG00000006740",-0.783989555552649,8.74719046322348,3.97843477374199e-05,"Kif5b","kinesin family member 5B","16573","GO:0000166","nucleotide binding"
"75","ENSMUSG00000006412",0.641944573486456,6.35051626012371,1.52176688106433e-07,"Pfdn2","prefoldin 2","18637","GO:0005634","nucleus"
"73","ENSMUSG00000006333",0.508054228672881,7.89716032070252,2.84486410878655e-05,"Rps9","ribosomal protein S9","76846","GO:0003723","RNA binding"
"71","ENSMUSG00000006058",0.567683535457638,5.96509032836744,7.09047110534561e-06,"Snf8","SNF8, ESCRT-II complex subunit, homolog (S. cerevisiae)","27681","GO:0000814","ESCRT II complex"
"69","ENSMUSG00000005907",-0.601571746121425,4.12475440800921,1.17011130254746e-05,"Pex1","peroxisomal biogenesis factor 1","71382","GO:0000166","nucleotide binding"
"67","ENSMUSG00000005892",0.553334461794049,1.82435363289604,0.00982171561992269,"Trh","thyrotropin releasing hormone","22044","GO:0001692","histamine metabolic process"
"66","ENSMUSG00000005886",-0.634367503965148,5.72344607445631,0.00027892634265816,"Ncoa2","nuclear receptor coactivator 2","17978","GO:0000122","negative regulation of transcription from RNA polymerase II promoter"
"65","ENSMUSG00000005871",-0.719607334210445,7.70283827575412,2.6793065395612e-05,"Apc","adenomatosis polyposis coli","11789","GO:0000281","mitotic cytokinesis"
"63","ENSMUSG00000005580",-0.6526864362513,5.2926164754578,5.2142383886893e-05,"Adcy9","adenylate cyclase 9","11515","GO:0000166","nucleotide binding"
"60","ENSMUSG00000005268",-0.744969419488949,2.67404074899652,0.00100839630848142,"Prlr","prolactin receptor","19116","GO:0004896","cytokine receptor activity"
"53","ENSMUSG00000004233",-0.573218152096061,3.03723998145192,0.000176067226361492,"Wars2","tryptophanyl tRNA synthetase 2 (mitochondrial)","70560","GO:0000166","nucleotide binding"
"52","ENSMUSG00000004113",-0.544544568908932,5.85924198895562,0.000107015768778246,"Cacna1b","calcium channel, voltage-dependent, N type, alpha 1B subunit","12287","GO:0000166","nucleotide binding"
"51","ENSMUSG00000004110",-0.87159046222839,5.72992916869364,2.6885096150426e-10,"Cacna1e","calcium channel, voltage-dependent, R type, alpha 1E subunit","12290","GO:0001662","behavioral fear response"
"48","ENSMUSG00000003970",0.541282640617572,8.23072766744916,3.49133650905104e-05,"Rpl8","ribosomal protein L8","26961","GO:0002181","cytoplasmic translation"
"45","ENSMUSG00000003657",0.504131224237543,7.86301586987279,0.000114280995585431,"Calb2","calbindin 2","12308","GO:0005509","calcium ion binding"
"43","ENSMUSG00000003452",-0.70262371498268,5.06031529552341,6.18073320423801e-05,"Bicd1","bicaudal D homolog 1 (Drosophila)","12121","GO:0005794","Golgi apparatus"
"41","ENSMUSG00000003282",-0.906410582919347,0.990537737732799,0.000239540163445207,"Plag1","pleiomorphic adenoma gene 1","56711","GO:0000978","RNA polymerase II core promoter proximal region sequence-specific DNA binding"
"39","ENSMUSG00000003233",-0.578061036618432,4.58138340630551,2.59306629663025e-05,"Dvl3","dishevelled segment polarity protein 3","13544","GO:0000790","nuclear chromatin"
"38","ENSMUSG00000003226",-0.624964220841963,6.50517177140869,0.000125949165336638,"Ranbp2","RAN binding protein 2","19386","GO:0000082","G1/S transition of mitotic cell cycle"
"35","ENSMUSG00000002980",0.529301403315056,4.80747173464613,0.000287921709611088,"Bcam","basal cell adhesion molecule","57278","GO:0005055","laminin receptor activity"
"27","ENSMUSG00000002266",-0.939477720054123,2.67982317359207,2.14890053975314e-06,"Zim1","zinc finger, imprinted 1","22776","GO:0003700","transcription factor activity, sequence-specific DNA binding"
"26","ENSMUSG00000002265",-0.725632218950719,8.49403597471379,6.24006105239363e-08,"Peg3","paternally expressed 3","18616","GO:0000122","negative regulation of transcription from RNA polymerase II promoter"
"23","ENSMUSG00000002100",0.511811675432938,2.45181473995997,0.000560141780827976,"Mybpc3","myosin binding protein C, cardiac","17868","GO:0002027","regulation of heart rate"
"20","ENSMUSG00000001998",-0.857008405861373,3.21663823608304,0.00023740539090803,"Ap4e1","adaptor-related protein complex AP-4, epsilon 1","108011","GO:0005794","Golgi apparatus"
"16","ENSMUSG00000001053",0.631784526071871,3.78851389528997,1.48391516179028e-06,"N4bp3","NEDD4 binding protein 3","212706","GO:0005515","protein binding"
"14","ENSMUSG00000000948",-0.899402302581454,2.40515700315895,0.00335683063111318,"Snurf","SNRPN upstream reading frame","84704","GO:0005634","nucleus"
"13","ENSMUSG00000000791",-0.503833255002431,2.18157493376131,0.0127320859396519,"Il12rb1","interleukin 12 receptor, beta 1","16161","GO:0002230","positive regulation of defense response to virus by host"
"10","ENSMUSG00000000740",0.550123952440319,7.14540285063522,8.74241668582072e-06,"Rpl13","ribosomal protein L13","270106","GO:0003723","RNA binding"
"9","ENSMUSG00000000600",-0.73256615147996,5.08486689682215,1.48057249037365e-05,"Krit1","KRIT1, ankyrin repeat containing","79264","GO:0001525","angiogenesis"
"6","ENSMUSG00000000416",-0.719590797204256,4.86970549124672,1.87666807122901e-05,"Cttnbp2","cortactin binding protein 2","30785","GO:0005519","cytoskeletal regulatory protein binding"
"3","ENSMUSG00000000263",-1.59824077116672,6.09204082965931,9.08060992655213e-06,"Glra1","glycine receptor, alpha 1 subunit","14654","GO:0001508","action potential"
